0.0000000000000000, 37740896.000000000, 103.00000000000000, 1.0000000000000000, 0.0000000000000000, 0, 
0.20000000000000001, 37740895.592517622, 100.86029750146101, 3.5199813292006694, 2.7203558603032762E-002, 12, 
0.40000000000000002, 37740894.738576293, 99.214333989970555, 5.9629186042276325, 8.4171129960865190E-002, 18, 
0.60000000000000009, 37740893.450875998, 98.037381005106383, 8.3416869699441811, 0.17005604827665607, 23, 
0.80000000000000004, 37740891.739866257, 97.307542990968841, 10.668429095026559, 0.28416167977635354, 28, 
1.0000000000000000, 37740889.613871023, 97.005564031773432, 12.954631874068465, 0.42593309674622909, 33, 
1.2000000000000000, 37740887.079200216, 97.114652546336259, 15.211197625551192, 0.59494964122406735, 38, 
1.3999999999999999, 37740884.140248932, 97.620322485157175, 17.448510299730621, 0.79091831103789856, 42, 
1.5999999999999999, 37740880.799585164, 98.510249806204570, 19.676497142451556, 1.0136679126267361, 47, 
1.7999999999999998, 37740877.058026768, 99.774143091435846, 21.904686232589345, 1.2631439291939859, 51, 
1.9999999999999998, 37740872.914708421, 101.40362726510423, 24.142260280291453, 1.5394040576367585, 55, 
2.1999999999999997, 37740868.367139213, 103.39213938695960, 26.398107054876384, 1.8426143672476458, 59, 
2.3999999999999999, 37740863.411251456, 105.73483576890264, 28.680866753551015, 2.1730460487400118, 63, 
2.6000000000000001, 37740858.041441172, 108.42850950819521, 30.998976635431742, 2.5310727119956771, 67, 
2.8000000000000003, 37740852.250600822, 111.47151780013647, 33.360713192391813, 2.9171682064231876, 71, 
3.0000000000000004, 37740846.030144684, 114.86371827747628, 35.774232128185460, 3.3319049295500029, 74, 
3.2000000000000006, 37740839.370026976, 118.60641404487168, 38.247606378133618, 3.7759526167489503, 77, 
3.4000000000000008, 37740832.258753650, 122.70230638110166, 40.788862421114750, 4.2500775567034772, 81, 
3.6000000000000010, 37740824.683387615, 127.15545508122722, 43.406015065304288, 4.7551422435870450, 84, 
3.8000000000000012, 37740816.629547633, 131.97124599330746, 46.107100932893758, 5.2921054502327562, 87, 
4.0000000000000009, 37740808.081401654, 137.15636486780821, 48.900210810079251, 5.8620226711816068, 91, 
4.2000000000000011, 37740799.021654233, 142.71877776460732, 51.793521047104051, 6.4660469663044839, 94, 
4.4000000000000012, 37740789.431528218, 148.66771743309050, 54.795324177804908, 7.1054301753529794, 97, 
4.6000000000000014, 37740779.290741339, 155.01367528846220, 57.914058892142101, 7.7815244860558908, 100, 
4.8000000000000016, 37740768.577477127, 161.76839898429043, 61.158339533240792, 8.4957843680182563, 103, 
5.0000000000000018, 37740757.268350713, 168.94489520624742, 64.536985242560746, 9.2497688544672929, 106, 
5.2000000000000020, 37740745.338369384, 176.55743756481240, 68.059048891392337, 10.045144172989223, 109, 
5.4000000000000021, 37740732.760887943, 184.62157942587885, 71.733845924995876, 10.883686722779789, 112, 
5.6000000000000023, 37740719.507558830, 193.15417155270160, 75.570983241508088, 11.767286398095607, 115, 
5.8000000000000025, 37740705.548277058, 202.17338447153728, 79.580388227483283, 12.697950260356102, 117, 
6.0000000000000027, 37740690.851119988, 211.69873541884621, 83.772338047192235, 13.677806555686095, 120, 
6.2000000000000028, 37740675.382281676, 221.75111992152594, 88.157489325196636, 14.709109091548054, 123, 
6.4000000000000030, 37740659.106001861, 232.35284788486499, 92.746908308353184, 15.794241969673221, 126, 
6.6000000000000032, 37740641.984489508, 243.52768420299012, 97.552101621229767, 16.935724684496332, 129, 
6.8000000000000034, 37740623.977840804, 255.30089389542462, 102.58504772057765, 18.136217594906562, 132, 
7.0000000000000036, 37740605.043951295, 267.69929178932301, 107.85822915263296, 19.398527778133804, 135, 
7.2000000000000037, 37740585.138422236, 280.75129678697255, 113.38466571708582, 20.725615276025433, 138, 
7.4000000000000039, 37740564.214460865, 294.48699077561236, 119.17794864151745, 22.120599745213919, 141, 
7.6000000000000041, 37740542.222774372, 308.93818225367073, 125.25227587049841, 23.586767523923303, 144, 
7.8000000000000043, 37740519.111457556, 324.13847476427145, 131.62248857434807, 25.127579129417011, 147, 
8.0000000000000036, 37740494.825873591, 340.12334024335235, 138.30410898376539, 26.746677201356420, 150, 
8.2000000000000028, 37740469.308528051, 356.93019740610083, 145.31337965814589, 28.447894907623258, 153, 
8.4000000000000021, 37740442.498935580, 374.59849531164934, 152.66730429738823, 30.235264830463965, 156, 
8.6000000000000014, 37740414.333479188, 393.16980226224439, 160.38369020936526, 32.113028352145747, 159, 
8.8000000000000007, 37740384.745261692, 412.68790020936564, 168.48119254797857, 34.085645560676106, 162, 
9.0000000000000000, 37740353.663949028, 433.19888485571573, 176.97936043983543, 36.157805697534677, 165, 
9.1999999999999993, 37740321.015605070, 454.75127165855514, 185.89868512107893, 38.334438170803374, 168, 
9.3999999999999986, 37740286.722517699, 477.39610795672650, 195.26065020976648, 40.620724158561750, 171, 
9.5999999999999979, 37740250.703015499, 501.18709146079897, 205.08778424343419, 43.022108828944184, 174, 
9.7999999999999972, 37740212.871274821, 526.18069537614508, 215.40371562123812, 45.544314206122166, 176, 
9.9999999999999964, 37740173.137116842, 552.43630040288349, 226.23323007766007, 48.193352708748051, 179, 
10.199999999999996, 37740131.405793920, 580.01633389012227, 237.60233082586328, 50.975541390581249, 182, 
10.399999999999995, 37740087.577765033, 608.98641652363699, 249.53830154798965, 53.897516923094038, 185, 
10.599999999999994, 37740041.548458934, 639.41551719459233, 262.06977251697612, 56.966251386700286, 188, 
10.799999999999994, 37739993.208027139, 671.37611478497138, 275.22678936071321, 60.189068745382542, 190, 
10.999999999999993, 37739942.441081032, 704.94437061759686, 289.04088600110146, 63.573662382027933, 193, 
11.199999999999992, 37739889.126418173, 740.20030811861238, 303.54516039382935, 67.128113349727244, 196, 
11.399999999999991, 37739833.136734940, 777.22800167253649, 318.77435388211768, 70.860909538670967, 198, 
11.599999999999991, 37739774.338320747, 816.11577776723402, 334.76493544130460, 74.780966071244350, 201, 
11.799999999999990, 37739712.590742096, 856.95642295746961, 351.55518860508062, 78.897646376660504, 204, 
11.999999999999989, 37739647.746506959, 899.84740488096509, 369.18530361948194, 83.220784572523939, 206, 
12.199999999999989, 37739579.650711954, 944.89110483732850, 387.69747423473507, 87.760709004863202, 209, 
12.399999999999988, 37739508.140675798, 992.19505941610032, 407.13599811824724, 92.528266694484401, 211, 
12.599999999999987, 37739433.045548350, 1041.8722184062228, 427.54738385110159, 97.534849418186582, 214, 
12.799999999999986, 37739354.185904384, 1094.0412128261173, 448.98046200343617, 102.79242080582736, 217, 
12.999999999999986, 37739271.373317063, 1148.8266364727076, 471.48650168346063, 108.31354479584985, 219, 
13.199999999999985, 37739184.409904450, 1206.3593453353724, 495.11933434822873, 114.11141588776388, 222, 
13.399999999999984, 37739093.087861180, 1266.7767668556810, 519.93548160219552, 120.19989038480850, 225, 
13.599999999999984, 37738997.188960932, 1330.2232285967248, 545.99429090421427, 126.59351959053637, 227, 
13.799999999999983, 37738896.484034002, 1396.8503033752015, 573.35807798518704, 133.30758466340723, 230, 
13.999999999999982, 37738790.732424296, 1466.8171680509345, 602.09227483168570, 140.35813284734579, 232, 
14.199999999999982, 37738679.681410417, 1540.2909861118824, 632.26558739651637, 147.76201610036821, 235, 
14.399999999999981, 37738563.065604620, 1617.4473049056473, 663.95015929228964, 155.53693120023399, 238, 
14.599999999999980, 37738440.606321357, 1698.4704730391084, 697.22174373565258, 163.70146188406696, 240, 
14.799999999999979, 37738312.010906361, 1783.5540838664342, 732.15988617667165, 172.27512361943701, 243, 
14.999999999999979, 37738176.972044006, 1872.9014333636180, 768.84811281773727, 181.27840982824929, 246, 
15.199999999999978, 37738035.167020932, 1966.7260070193054, 807.37413102802793, 190.73284103869304, 248, 
15.399999999999977, 37737886.256953984, 2065.2519902254398, 847.83003939575190, 200.66101641016073, 251, 
15.599999999999977, 37737729.885986902, 2168.7147994519491, 890.31254630702210, 211.08666735809109, 253, 
15.799999999999976, 37737565.680434242, 2277.3616482556440, 934.92320282293747, 222.03471469614666, 256, 
15.999999999999975, 37737393.247893199, 2391.4521345893436, 981.76864430406067, 233.53132793225575, 259, 
16.199999999999974, 37737212.176309675, 2511.2588583004344, 1030.9608444349681, 245.60398761566370, 261, 
16.399999999999974, 37737022.032986820, 2637.0680767565946, 1082.6173849133445, 258.28155153667223, 264, 
16.599999999999973, 37736822.363561533, 2769.1803816000174, 1136.8617338279157, 271.59432306605692, 267, 
16.799999999999972, 37736612.690915331, 2907.9114189272946, 1193.8235418856302, 285.57412388396853, 269, 
16.999999999999972, 37736392.514034554, 3053.5926429632400, 1253.6389524150804, 300.25437009827976, 272, 
17.199999999999971, 37736161.306822538, 3206.5721014799669, 1316.4509244320927, 315.67015157734687, 274, 
17.399999999999970, 37735918.516834788, 3367.2152721497637, 1382.4095766546579, 331.85831643445744, 277, 
17.599999999999969, 37735663.563967131, 3535.9059299292462, 1451.6725442977965, 348.85755865823114, 280, 
17.799999999999969, 37735395.839075543, 3713.0470596654804, 1524.4053544827450, 366.70851032229143, 282, 
17.999999999999968, 37735114.702511668, 3899.0618243574254, 1600.7818245541316, 385.45383942931829, 285, 
18.199999999999967, 37734819.482611343, 4094.3945645249787, 1680.9844732261356, 405.13835091498908, 288, 
18.399999999999967, 37734509.474084772, 4299.5118625344594, 1765.2049584720498, 425.80909422980147, 290, 
18.599999999999966, 37734183.936334744, 4514.9036544978198, 1853.6445350237616, 447.51547574790061, 293, 
18.799999999999965, 37733842.091701254, 4741.0843907443877, 1946.5145318989587, 470.30937610651608, 295, 
18.999999999999964, 37733483.123593815, 4978.5942705826110, 2044.0368605348071, 494.24527507543769, 298, 
19.199999999999964, 37733106.174555093, 5228.0005222897944, 2146.4445415947580, 519.38038102700568, 301, 
19.399999999999963, 37732710.344222225, 5489.8987508066175, 2253.9822596962194, 545.77476727937221, 303, 
19.599999999999962, 37732294.687165275, 5764.9143664961775, 2366.9069515644301, 573.49151666715534, 306, 
19.799999999999962, 37731858.210656196, 6053.7040598325393, 2485.4884131822319, 602.59687079674597, 308, 
19.999999999999961, 37731399.872291438, 6356.9573726826457, 2610.0099467772784, 633.16038910781094, 311, 
20.199999999999960, 37730918.577511139, 6675.3983379255014, 2740.7690360478828, 665.25511489428209, 314, 
20.399999999999959, 37730413.177007742, 7009.7871919863528, 2878.0780515249294, 698.95774875326958, 316, 
20.599999999999959, 37729882.463969477, 7360.9221964515882, 3022.2650009618474, 734.34883312348006, 319, 
20.799999999999958, 37729325.171224520, 7729.6415251387243, 3173.6743068344190, 771.51294351413742, 322, 
20.999999999999957, 37728739.968231775, 8116.8252524664567, 3332.6676257126132, 810.53889005454414, 324, 
21.199999999999957, 37728125.457893133, 8523.3974595453892, 3499.6247162878180, 851.51993103536097, 327, 
21.399999999999956, 37727480.173262820, 8950.3284081761631, 3674.9443355915955, 894.55399341714701, 329, 
21.599999999999955, 37726802.574040093, 9398.6368577297435, 3859.0451942792847, 939.74390789747326, 332, 
21.799999999999955, 37726091.042912118, 9869.3924808765532, 4052.3669529003969, 987.19765409954618, 335, 
21.999999999999954, 37725343.881732941, 10363.718387289089, 4255.3712629431648, 1037.0286168182597, 337, 
22.199999999999953, 37724559.307458892, 10882.793808032422, 4468.5428743916809, 1089.3558586735192, 340, 
22.399999999999952, 37723735.447941050, 11427.856874055864, 4692.3907824373609, 1144.3044024530782, 343, 
22.599999999999952, 37722870.337488130, 12000.207545983685, 4927.4494369332233, 1202.0055289504444, 345, 
22.799999999999951, 37721961.912171103, 12601.210714177743, 5174.2800224658613, 1262.5970922434440, 348, 
22.999999999999950, 37721008.004975230, 13232.299399115791, 5433.4717802984660, 1326.2238453543416, 350, 
23.199999999999950, 37720006.340632409, 13894.978162418091, 5705.6434176853227, 1393.0377874896567, 353, 
23.399999999999949, 37718954.530237220, 14590.826660271254, 5991.4445765310911, 1463.1985259800201, 356, 
23.599999999999948, 37717850.065620400, 15321.503356389507, 6291.5573685266663, 1536.8736546851940, 358, 
23.799999999999947, 37716690.313364387, 16088.749470734158, 6606.6980082639748, 1614.2391566276681, 361, 
23.999999999999947, 37715472.508613609, 16894.393062953754, 6937.6185027963293, 1695.4798206534297, 364, 
24.199999999999946, 37714193.748542607, 17740.353341033453, 7285.1084350367437, 1780.7896813343091, 366, 
24.399999999999945, 37712850.985451669, 18628.645214900211, 7649.9968492744356, 1870.3724841702806, 369, 
24.599999999999945, 37711441.019637026, 19561.383997825404, 8033.1541988726076, 1964.4421662829948, 371, 
24.799999999999944, 37709960.491791204, 20540.790416945438, 8435.4944228220647, 2063.2233690323219, 374, 
24.999999999999943, 37708405.875092432, 21569.195827690910, 8857.9771079325365, 2166.9519719449663, 377, 
25.199999999999942, 37706773.466936290, 22649.047663002439, 9301.6097495572230, 2275.8756511541410, 379, 
25.399999999999942, 37705059.380143777, 23782.915226544563, 9767.4501561411653, 2390.2544735349161, 382, 
25.599999999999941, 37703318.416491807, 24914.636699532715, 10256.585300850526, 2510.3615078059524, 395, 
25.799999999999940, 37703308.130557686, 24309.722324538812, 10745.764615999607, 2636.3825017740614, 398, 
25.999999999999940, 37703297.366374612, 23720.218905123678, 11214.266477346420, 2768.1482429191428, 400, 
26.199999999999939, 37703286.144288860, 23145.725770725083, 11662.715603729235, 2905.4143366920903, 402, 
26.399999999999938, 37703274.484031141, 22585.852753464365, 12091.719432932325, 3047.9437824656225, 404, 
26.599999999999937, 37703262.404733688, 22040.219911773955, 12501.868585763625, 3195.5067687851470, 406, 
26.799999999999937, 37703249.924946763, 21508.457261488227, 12893.737317509933, 3347.8804742470797, 408, 
26.999999999999936, 37703237.062654860, 20990.204514014458, 13267.883957410608, 3504.8488737234911, 410, 
27.199999999999935, 37703223.835292324, 20485.110821893388, 13624.851335653279, 3666.2025501370335, 412, 
27.399999999999935, 37703210.259758763, 19992.834528626692, 13965.167203021547, 3831.7385095966310, 414, 
27.599999999999934, 37703196.352433793, 19513.042928749517, 14289.344633401224, 4001.2600040556558, 415, 
27.799999999999933, 37703182.129191399, 19045.412034960009, 14597.882414394762, 4174.5763592439198, 417, 
27.999999999999932, 37703167.605414242, 18589.626344368131, 14891.265439045941, 4351.5028023490840, 419, 
28.199999999999932, 37703152.796007417, 18145.378614282396, 15169.965081602357, 4531.8602967056540, 421, 
28.399999999999931, 37703137.715411432, 17712.369651580640, 15434.439550743858, 4715.4753862466732, 422, 
28.599999999999930, 37703122.377615362, 17290.308098133504, 15685.134248958744, 4902.1800375550174, 424, 
28.799999999999930, 37703106.796169527, 16878.910223074978, 15922.482120400467, 5091.8114870113204, 426, 
28.999999999999929, 37703090.984197900, 16477.899720713325, 16146.903989207964, 5284.2120921916403, 428, 
29.199999999999928, 37703074.954409719, 16087.007521239062, 16358.808876646815, 5479.2291924083538, 429, 
29.399999999999928, 37703058.719111010, 15705.971602208099, 16558.594316703853, 5676.7149700924583, 431, 
29.599999999999927, 37703042.290216997, 15334.536784292539, 16746.646696965279, 5876.5263017571997, 432, 
29.799999999999926, 37703025.679261222, 14972.454584496327, 16923.341505649027, 6078.5246486464976, 434, 
29.999999999999925, 37703008.897408396, 14619.483002627090, 17089.043686951984, 6282.5759020369896, 435, 
30.199999999999925, 37702991.955462731, 14275.386387778979, 17244.107865981572, 6488.5502835221459, 437, 
30.399999999999924, 37702974.863880083, 13939.935236235950, 17388.878684847801, 6696.3221988484374, 438, 
30.599999999999923, 37702957.632775918, 13612.906063311024, 17523.691018404661, 6905.7701423813060, 440, 
30.799999999999923, 37702940.271936685, 13294.081214209347, 17648.870288652044, 7116.7765604644292, 441, 
30.999999999999922, 37702922.790827543, 12983.248739103801, 17764.732674742289, 7329.2277586110331, 443, 
31.199999999999921, 37702905.198602915, 12680.202218018174, 17871.585404028505, 7543.0137750441872, 444, 
31.399999999999920, 37702887.504114002, 12384.740637599947, 17969.726958836811, 7758.0282895647524, 446, 
31.599999999999920, 37702869.715918526, 12096.668230327130, 18059.447343732310, 7974.1685074093166, 447, 
31.799999999999919, 37702851.842288129, 11815.794353641337, 18141.028287993908, 8191.3350702311554, 449, 
31.999999999999918, 37702833.891217604, 11541.933335336822, 18214.743502284113, 8409.4319447729376, 450, 
32.199999999999918, 37702815.870431416, 11274.904368423031, 18280.858855281236, 8628.3663448791867, 451, 
32.399999999999920, 37702797.787392586, 11014.531362521549, 18339.632620114979, 8848.0486247790977, 453, 
32.599999999999923, 37702779.649310112, 10760.642820943991, 18391.315679104704, 9068.3921898402168, 454, 
32.799999999999926, 37702761.463145196, 10513.071739581481, 18436.151693251402, 9289.3134219768890, 455, 
32.999999999999929, 37702743.235619523, 10271.655467202132, 18474.377333486129, 9510.7315797905758, 457, 
33.199999999999932, 37701376.219976179, 11378.140358691749, 18513.059783447668, 9732.5798816784354, 471, 
33.399999999999935, 37698039.909990728, 14392.354424809539, 18612.530260722520, 9955.2053237358105, 476, 
33.599999999999937, 37694679.431593068, 17356.045048429958, 18785.059677329849, 10179.463681161169, 480, 
33.799999999999940, 37691281.839172170, 20283.244455190517, 19028.696804563602, 10406.219568079507, 484, 
33.999999999999943, 37687834.509682626, 23187.319977708885, 19341.853958066331, 10636.316381604865, 488, 
34.199999999999946, 37686090.285364397, 24326.887755198975, 19712.268537512540, 10870.558342909924, 502, 
34.399999999999949, 37686070.720387399, 23745.745081108456, 20074.298134004330, 11109.236397501685, 504, 
34.599999999999952, 37686050.803351469, 23179.301733549459, 20417.749491238181, 11352.145423758033, 505, 
34.799999999999955, 37686030.552517466, 22627.176686039835, 20743.204818223283, 11599.065978275432, 507, 
34.999999999999957, 37686009.985574380, 22088.998863134108, 21051.230072347080, 11849.785490138473, 508, 
35.199999999999960, 37685989.119652383, 21564.406929600453, 21342.375314551060, 12104.098103465029, 510, 
35.399999999999963, 37685967.971341498, 21053.048982087952, 21617.175223219234, 12361.804453193146, 511, 
35.599999999999966, 37685946.556703821, 20554.582352901900, 21876.149424844953, 12622.711518436217, 513, 
35.799999999999969, 37685924.891291112, 20068.673318124431, 22119.802980185883, 12886.632410573598, 514, 
35.999999999999972, 37685902.990156651, 19594.996907788918, 22348.626703827595, 13153.386231736762, 516, 
36.199999999999974, 37685880.867871448, 19133.236635650519, 22563.097614210063, 13422.797878692458, 517, 
36.399999999999977, 37685858.538535982, 18683.084310671478, 22763.679250380697, 13694.697902964497, 519, 
36.599999999999980, 37685836.015795022, 18244.239790863125, 22950.822082045444, 13968.922332064270, 520, 
36.799999999999983, 37685813.312849298, 17816.410793592033, 23124.963827550375, 14245.312529558489, 522, 
36.999999999999986, 37685790.442468993, 17399.312671996835, 23286.529826482623, 14523.715032525201, 523, 
37.199999999999989, 37685767.417004861, 16992.668234306613, 23435.933342372995, 14803.981418456933, 525, 
37.399999999999991, 37685744.248401925, 16596.207515435621, 23573.575942280102, 15085.968140359359, 526, 
37.599999999999994, 37685720.948208697, 16209.667628323856, 23699.847746991669, 15369.536415992368, 527, 
37.799999999999997, 37685697.527589984, 15832.792550512886, 23815.127785647939, 15654.552073854116, 529, 
38.000000000000000, 37685673.997338146, 15465.332938572925, 23919.784304875357, 15940.885418404499, 530, 
38.200000000000003, 37685650.367881902, 15107.045984535640, 24014.175009883991, 16228.411123681919, 531, 
38.400000000000006, 37685626.649298407, 14757.695213813524, 24098.647399587524, 16517.008088187791, 533, 
38.600000000000009, 37685602.851323180, 14417.050322152449, 24173.539038364834, 16806.559316304203, 534, 
38.800000000000011, 37685578.983358420, 14084.887038637586, 24239.177785674241, 17096.951817266337, 535, 
39.000000000000014, 37685555.054484315, 13760.986937077501, 24295.882108328522, 17388.076470278629, 537, 
39.200000000000017, 37685531.073467717, 13445.137291960333, 24343.961320719220, 17679.827919603671, 538, 
39.400000000000020, 37685507.048770241, 13137.130946065974, 24383.715806135282, 17972.104477558874, 539, 
39.600000000000023, 37685482.988558523, 12836.766137510796, 24415.437302763679, 18264.808001209723, 541, 
39.800000000000026, 37685458.900712013, 12543.846370951984, 24439.409118547115, 18557.843798495604, 542, 
40.000000000000028, 37685434.792830773, 12258.180289261642, 24455.906345093750, 18851.120534877155, 543, 
40.200000000000031, 37685410.672244720, 11979.581517253248, 24465.196115892300, 19144.550122141274, 545, 
40.400000000000034, 37685386.546020709, 11707.868544520152, 24467.537801701092, 19438.047633072489, 546, 
40.600000000000037, 37685362.420969971, 11442.864602383515, 24463.183215132241, 19731.531212519865, 548, 
40.800000000000040, 37685338.303656504, 11184.397520890110, 24452.376846643911, 20024.921975965975, 549, 
41.000000000000043, 37685314.200403325, 10932.299626912500, 24435.356034797616, 20318.143934964275, 550, 
41.200000000000045, 37685290.117299810, 10686.407620577715, 24412.351170753322, 20611.123908869577, 552, 
41.400000000000048, 37685266.060209118, 10446.562448515739, 24383.585907418419, 20903.791434961087, 553, 
41.600000000000051, 37685242.034773789, 10212.609213267357, 24349.277310988269, 21196.078701961462, 554, 
41.800000000000054, 37684798.524315923, 10403.413266417032, 24310.141759642040, 21487.920658037543, 568, 
42.000000000000057, 37680429.583433874, 14461.588129718080, 24329.290944738317, 21779.537491700703, 573, 
42.200000000000060, 37676048.743642561, 18431.356427337956, 24447.917148241875, 22071.982781885930, 578, 
42.400000000000063, 37671638.426200420, 22332.261112914744, 24662.881799253340, 22366.430887445727, 582, 
42.600000000000065, 37669618.097818732, 23762.923539862451, 24954.993409679395, 22663.985231765004, 596, 
42.800000000000068, 37669593.437206134, 23200.829655271336, 25240.681390888494, 22965.051747739071, 598, 
43.000000000000071, 37669568.500229366, 22652.889956209343, 25509.168719808626, 23269.441094649868, 599, 
43.200000000000074, 37669543.303781442, 22118.738219226536, 25761.007821070398, 23576.950178291765, 600, 
43.400000000000077, 37669517.864211433, 21598.017806272164, 25996.735538480512, 23887.382443839910, 602, 
43.600000000000080, 37669492.197341107, 21090.381389718623, 26216.873593503584, 24200.547675695638, 603, 
43.800000000000082, 37669466.318477228, 20595.490753372254, 26421.928919997878, 24516.261849424220, 605, 
44.000000000000085, 37669440.242428988, 20113.016502721228, 26612.394145790313, 24834.346922528395, 606, 
44.200000000000088, 37669413.983520105, 19642.637867718404, 26788.747923713709, 25154.630688487170, 607, 
44.400000000000091, 37669387.555603154, 19184.042467203097, 26951.455324488910, 25476.946605180066, 609, 
44.600000000000094, 37669360.972073868, 18736.926071064790, 27100.968232728435, 25801.133622369478, 610, 
44.800000000000097, 37669334.245881975, 18300.992424744942, 27237.725641790559, 26127.036051515828, 612, 
45.000000000000099, 37669307.389546417, 17875.952995234449, 27362.154075073235, 26454.503383307972, 613, 
45.200000000000102, 37669280.415165752, 17461.526800745956, 27474.667871735586, 26783.390161799798, 614, 
45.400000000000105, 37669253.334430814, 17057.440201521600, 27575.669534824392, 27113.555832870541, 616, 
45.600000000000108, 37669226.158637062, 16663.426694095429, 27665.550073323357, 27444.864595545536, 617, 
45.800000000000111, 37669198.898694105, 16279.226756470620, 27744.689261912132, 27777.185287539080, 619, 
46.000000000000114, 37669171.565138906, 15904.587625575085, 27813.456009265810, 28110.391226274904, 620, 
46.200000000000117, 37669144.168144859, 15539.263150020677, 27872.208604882188, 28444.360100264130, 621, 
46.400000000000119, 37669116.717532851, 15183.013604510235, 27921.295027212647, 28778.973835449371, 623, 
46.600000000000122, 37669089.222781979, 14835.605511842670, 27961.053239119094, 29114.118467085256, 624, 
46.800000000000125, 37669061.693037845, 14496.811506797518, 27991.811415935441, 29449.684039449956, 626, 
47.000000000000128, 37669034.137124076, 14166.410141511729, 28013.888266805250, 29785.564467633780, 627, 
47.200000000000131, 37669006.563550606, 13844.185749283111, 28027.593262127240, 30121.657438011083, 628, 
47.400000000000134, 37668978.980522402, 13529.928299470575, 28033.226875005861, 30457.864303147289, 629, 
47.600000000000136, 37668951.395949125, 13223.433235033432, 28031.080850004324, 30794.089965862509, 630, 
47.800000000000139, 37668923.817453586, 12924.501331213385, 28021.438437785357, 31130.242777441406, 632, 
48.000000000000142, 37668896.252380207, 12632.938553834492, 28004.574629995790, 31466.234435993851, 633, 
48.200000000000145, 37668868.707802273, 12348.555939395779, 27980.756359239695, 31801.979899124519, 634, 
48.400000000000148, 37668841.190530710, 12071.169446614402, 27950.242744061219, 32137.397278648972, 635, 
48.600000000000151, 37668813.707121752, 11800.599827308750, 27913.285302822893, 32472.407748141621, 637, 
48.800000000000153, 37668786.263884492, 11536.672500066979, 27870.128162814312, 32806.935452647922, 638, 
49.000000000000156, 37668758.866887413, 11279.217441188986, 27821.008241770676, 33140.907429649335, 639, 
49.200000000000159, 37668731.521966033, 11028.069055073196, 27766.155461576531, 33474.253517343051, 640, 
49.400000000000162, 37668704.234729968, 10783.066054753821, 27705.792945544050, 33806.906269766092, 642, 
49.600000000000165, 37668677.010569565, 10544.051349721258, 27640.137203855404, 34138.800876885245, 643, 
49.800000000000168, 37668649.854661986, 10310.871944987672, 27569.398301041881, 34469.875092014510, 644, 
50.000000000000171, 37668622.771977693, 10083.378829938814, 27493.780039247296, 34800.069153156779, 645, 
50.200000000000173, 37664494.123565115, 13920.495503398277, 27455.912940912156, 35129.467990612560, 662, 
50.400000000000176, 37659557.787901767, 18452.305785526045, 27530.823688311488, 35459.082624436960, 667, 
50.600000000000179, 37654598.691870257, 22894.746825552582, 27716.299972454592, 35790.261331778660, 671, 
50.800000000000182, 37652801.919313237, 24090.291545979293, 27983.544211741060, 36124.244929081382, 685, 
51.000000000000185, 37652774.354584038, 23523.072228410605, 28241.161618096205, 36461.411569491567, 687, 
51.200000000000188, 37652746.541535206, 22970.105984816750, 28481.787233834802, 36801.565246184175, 688, 
51.400000000000190, 37652718.496843159, 22431.024372677901, 28705.973404753426, 37144.505379452079, 689, 
51.600000000000193, 37652690.236641482, 21905.468575648887, 28914.256864514020, 37490.037918387003, 691, 
51.800000000000196, 37652661.776536673, 21393.089144208276, 29107.159167398902, 37837.975151750485, 692, 
52.000000000000199, 37652633.131620578, 20893.545793388093, 29285.187028273216, 38188.135557795154, 693, 
52.200000000000202, 37652604.316487662, 20406.507115003024, 29448.832800504588, 38540.343596872306, 695, 
52.400000000000205, 37652575.345248267, 19931.650359825271, 29598.574840151035, 38894.429551796144, 696, 
52.600000000000207, 37652546.231541120, 19468.661233792322, 29734.877847197466, 39250.229377935320, 697, 
52.800000000000210, 37652516.988548897, 19017.233636514859, 29858.193299462015, 39607.584515163100, 699, 
53.000000000000213, 37652487.629009984, 18577.069470168088, 29968.959772430691, 39966.341747457722, 700, 
53.200000000000216, 37652458.165230736, 18147.878435784587, 30067.603279121089, 40326.353054398227, 702, 
53.400000000000219, 37652428.609099656, 17729.377796709003, 30154.537662285795, 40687.475441390205, 703, 
53.600000000000222, 37652398.972097225, 17321.292218507697, 30230.164863205337, 41049.570821105219, 704, 
53.800000000000225, 37652369.265308827, 16923.353552751527, 30294.875280371321, 41412.505858095035, 706, 
54.000000000000227, 37652339.499436647, 16535.300638522516, 30349.048099140407, 41776.151825736313, 707, 
54.200000000000230, 37652309.684808798, 16156.879153832933, 30393.051541020654, 42140.384496392362, 708, 
54.400000000000233, 37652279.831391990, 15787.841402056107, 30427.243216725365, 42505.083989278886, 710, 
54.600000000000236, 37652249.948801480, 15427.946146229302, 30451.970402040071, 42870.134650303036, 711, 
54.800000000000239, 37652220.046310142, 15076.958460534835, 30467.570285969079, 43235.424943400540, 712, 
55.000000000000242, 37652190.132860087, 14734.649533570691, 30474.370295476663, 43600.847310914804, 714, 
55.200000000000244, 37652160.217071302, 14400.796524896266, 30472.688334718314, 43966.298069133933, 715, 
55.400000000000247, 37652130.307250671, 14075.182415637284, 30462.833033502473, 44331.677300239797, 717, 
55.600000000000250, 37652100.411402419, 13757.595830856853, 30445.104040243135, 44696.888726525875, 718, 
55.800000000000253, 37652070.537235565, 13447.830917801803, 30419.792225645029, 45061.839621035346, 719, 
56.000000000000256, 37652040.692173056, 13145.687191008125, 30387.179938781897, 45426.440697201098, 721, 
56.200000000000259, 37652010.883361056, 12850.969375017337, 30347.541266440207, 45790.605997529994, 722, 
56.400000000000261, 37651981.117675528, 12563.487296974841, 30301.142213101572, 46154.252814439642, 723, 
56.600000000000264, 37651951.401730947, 12283.055738028146, 30248.240945875270, 46517.301585191562, 724, 
56.800000000000267, 37651921.741888151, 12009.494301399349, 30189.088012613123, 46879.675797887561, 725, 
57.000000000000270, 37651892.144261725, 11742.627286895964, 30123.926549498301, 47241.301901924475, 727, 
57.200000000000273, 37651862.614727452, 11482.283566343363, 30052.992486815398, 47602.109219427504, 728, 
57.400000000000276, 37651833.158928961, 11228.296471211434, 29976.514735213295, 47962.029864659664, 729, 
57.600000000000279, 37651803.782284692, 10980.503674203124, 29894.715381157755, 48320.998659993798, 730, 
57.800000000000281, 37651774.489995003, 10738.747068730794, 29807.809885314287, 48678.953050992444, 731, 
58.000000000000284, 37651745.287048556, 10502.872660909876, 29716.007260931849, 49035.833029647940, 733, 
58.200000000000287, 37651716.178228721, 10272.730459376049, 29619.510255293440, 49391.581056651499, 734, 
58.400000000000290, 37651668.968942918, 10066.372770765041, 29518.516293187615, 49746.141993175588, 736, 
58.600000000000293, 37646374.535030857, 15047.048187220429, 29478.690092143108, 50099.726689820178, 741, 
58.800000000000296, 37641076.943436332, 19907.916181108987, 29561.568154998895, 50453.572227597870, 746, 
59.000000000000298, 37635754.551632993, 24673.308149316301, 29763.014638346071, 50809.125579382264, 750, 
59.200000000000301, 37635640.741235763, 24175.936377908114, 30015.785912219369, 51167.536474151668, 764, 
59.400000000000304, 37635611.267816618, 23608.579865958258, 30251.277820451083, 51528.874497019831, 765, 
59.600000000000307, 37635581.568137273, 23055.458054391969, 30470.038314283065, 51892.935494103913, 766, 
59.800000000000310, 37635551.658609331, 22516.203202723569, 30672.616207175910, 52259.521980822297, 768, 
60.000000000000313, 37635521.555105299, 21990.457175503339, 30859.544759888358, 52628.442959361215, 769, 
60.200000000000315, 37635491.272971861, 21477.871226255611, 31031.342043030592, 52999.513758905217, 770, 
60.400000000000318, 37635460.827047393, 20978.105704846021, 31188.511422964370, 53372.555824851974, 772, 
60.600000000000321, 37635430.231675662, 20490.829832122436, 31331.541938362130, 53747.396553907252, 773, 
60.800000000000324, 37635399.500718355, 20015.721495599271, 31460.908642512783, 54123.869143587166, 774, 
61.000000000000327, 37635368.647571139, 19552.466980034682, 31577.073050155577, 54501.812398726266, 776, 
61.200000000000330, 37635337.685176075, 19100.760763220565, 31680.483478617636, 54881.070582138556, 777, 
61.400000000000333, 37635306.626033433, 18660.305322469627, 31771.575371458137, 55261.493272690823, 778, 
61.600000000000335, 37635275.482216358, 18230.810887698495, 31850.771707525146, 55642.935188465839, 780, 
61.800000000000338, 37635244.265382186, 17811.995255600908, 31918.483311271069, 56025.256050989708, 781, 
62.000000000000341, 37635212.986783534, 17403.583606360342, 31975.109158725518, 56408.320451425679, 782, 
62.200000000000344, 37635181.657281704, 17005.308278286488, 32021.036750465337, 56791.997689588126, 784, 
62.400000000000347, 37635150.287356980, 16616.908597854170, 32056.642395281309, 57176.161649930160, 785, 
62.600000000000350, 37635118.887119085, 16238.130706338105, 32082.291499028433, 57560.690675590529, 786, 
62.800000000000352, 37635087.466319352, 15868.727354870976, 32098.338903484666, 57945.467422338093, 788, 
63.000000000000355, 37635056.034360148, 15508.457748069643, 32105.129147132910, 58330.378744699548, 789, 
63.200000000000358, 37635024.600304693, 15157.087381026611, 32102.996736262961, 58715.315578067908, 791, 
63.400000000000361, 37634993.172888190, 14814.387850837316, 32092.266456176680, 59100.172804845104, 792, 
63.600000000000364, 37634961.760526277, 14480.136717160298, 32073.253603875139, 59484.849152742172, 793, 
63.800000000000367, 37634930.371324420, 14154.117344244529, 32046.264249950564, 59869.247081440277, 795, 
64.000000000000369, 37634899.013088010, 13836.118730073644, 32011.595520445291, 60253.272661525683, 796, 
64.200000000000372, 37634867.693329901, 13525.935381929276, 31969.535804664487, 60636.835483556017, 797, 
64.400000000000375, 37634836.419279486, 13223.367162979839, 31920.365008631914, 61019.848548947193, 799, 
64.600000000000378, 37634805.197891735, 12928.219138649922, 31864.354808384523, 61402.228161275409, 800, 
64.800000000000381, 37634774.035854019, 12640.301464005574, 31801.768838080763, 61783.893843940401, 801, 
65.000000000000384, 37634742.939594857, 12359.429234609626, 31732.862935493955, 62164.768235083175, 802, 
65.200000000000387, 37634711.915291414, 12085.422360435128, 31657.885350688124, 62544.776997510497, 804, 
65.400000000000389, 37634680.968877256, 11818.105433403924, 31577.076964348620, 62923.848725042059, 805, 
65.600000000000392, 37634650.106048912, 11557.307618136596, 31490.671469287270, 63301.914863705737, 806, 
65.800000000000395, 37634619.332273282, 11302.862526270832, 31398.895577451458, 63678.909623038315, 807, 
66.000000000000398, 37634588.652794659, 11054.608095568168, 31301.969219004623, 64054.769890810923, 808, 
66.200000000000401, 37634558.072641373, 10812.386477957121, 31200.105727038550, 64429.435153678707, 810, 
66.400000000000404, 37634527.596632227, 10576.043929502242, 31093.512018929177, 64802.847419390760, 811, 
66.600000000000406, 37634497.229382776, 10345.430703930810, 30982.388771807760, 65174.951141537960, 812, 
66.800000000000409, 37634466.975311190, 10120.400952902533, 30866.930587216397, 65545.693148742590, 813, 
67.000000000000412, 37630753.836095303, 13553.132723399021, 30777.926421267210, 65915.104760079834, 829, 
67.200000000000415, 37625229.917710021, 18674.480908343950, 30811.450179238207, 66284.151202448236, 834, 
67.400000000000418, 37619689.508283228, 23685.717982889240, 30970.418901060777, 66654.354832876299, 839, 
67.600000000000421, 37618469.960754685, 24294.379666462923, 31208.595902620367, 67027.063676274716, 852, 
67.800000000000423, 37618439.411844425, 23725.253206396330, 31432.774439197899, 67402.560510027150, 854, 
68.000000000000426, 37618408.648016386, 23170.393954185147, 31640.313004834108, 67780.645024646888, 855, 
68.200000000000429, 37618377.685583197, 22629.433471031054, 31831.760109083978, 68161.120836734393, 857, 
68.400000000000432, 37618346.540319256, 22102.012934743034, 32007.648703578830, 68543.798042467068, 858, 
68.600000000000435, 37618315.227473855, 21587.782925390162, 32168.496541723063, 68928.493059081535, 860, 
68.800000000000438, 37618283.761789076, 21086.403125432786, 32314.806676065939, 69315.028409477658, 861, 
69.000000000000441, 37618252.157511100, 20597.542137627053, 32447.067765032174, 69703.232586291851, 862, 
69.200000000000443, 37618220.428406961, 20120.877203815322, 32565.754539139198, 70092.939850128241, 864, 
69.400000000000446, 37618188.587776951, 19656.094001684469, 32671.328140955738, 70483.990080455595, 865, 
69.600000000000449, 37618156.648467585, 19202.886429692429, 32764.236483794215, 70876.228618976689, 866, 
69.800000000000452, 37618124.622886069, 18760.956365460785, 32844.914652562751, 71269.506095956604, 868, 
70.000000000000455, 37618092.523012221, 18330.013468522317, 32913.785232772207, 71663.678286531285, 869, 
70.200000000000458, 37618060.360409625, 17909.774996977390, 32971.258616950618, 72058.605976486549, 870, 
70.400000000000460, 37618028.146239214, 17499.965579046584, 33017.733382914375, 72454.154798860618, 871, 
70.600000000000463, 37617995.891270451, 17100.317027139688, 33053.596603371327, 72850.195099067234, 873, 
70.800000000000466, 37617963.605892695, 16710.568148855786, 33079.224160016907, 73246.601798465927, 874, 
71.000000000000469, 37617931.300125122, 16330.464582663146, 33094.981017845705, 73643.254274405263, 875, 
71.200000000000472, 37617898.983628929, 15959.758592022943, 33101.221565383727, 74040.036213694286, 877, 
71.400000000000475, 37617866.665717475, 15598.208896679902, 33098.289895071903, 74436.835490810801, 878, 
71.600000000000477, 37617834.355365671, 15245.580515526672, 33086.520064869728, 74833.544053968406, 879, 
71.800000000000480, 37617802.061219975, 14901.644600469645, 33066.236373842708, 75230.057805746794, 880, 
72.000000000000483, 37617769.791608706, 14566.178261280429, 33037.753651603234, 75626.276478444488, 882, 
72.200000000000486, 37617737.554551221, 14238.964411804154, 33001.377513337087, 76022.103523672209, 883, 
72.400000000000489, 37617705.357766047, 13919.791635251859, 32957.404584265365, 76417.446014466681, 884, 
72.600000000000492, 37617673.208680421, 13608.454022591995, 32906.122766374465, 76812.214530645098, 885, 
72.800000000000495, 37617641.114439093, 13304.751023185199, 32847.811485278362, 77206.323052474909, 887, 
73.000000000000497, 37617609.081912600, 13008.487305794990, 32782.741920246823, 77599.688861386618, 888, 
73.200000000000500, 37617577.117704488, 12719.472638674446, 32711.177203850846, 77992.232453017947, 889, 
73.400000000000503, 37617545.228160128, 12437.521738120173, 32633.372670952725, 78383.877430832246, 890, 
73.600000000000506, 37617513.419374324, 12162.454140184293, 32549.576070750350, 78774.550414773927, 892, 
73.800000000000509, 37617481.697198726, 11894.094075069521, 32460.027774222501, 79164.180952013267, 893, 
74.000000000000512, 37617450.067248367, 11632.270358113121, 32364.960955257357, 79552.701438300413, 894, 
74.200000000000514, 37617418.534909636, 11376.816251459855, 32264.601817370913, 79940.047021565988, 896, 
74.400000000000517, 37617387.105346955, 11127.569352105547, 32159.169778663356, 80326.155522307119, 897, 
74.600000000000520, 37617355.783509299, 10884.371480171199, 32048.877656089051, 80710.967354470922, 898, 
74.800000000000523, 37617324.574136287, 10647.068576563710, 31933.931834791849, 81094.425452388619, 899, 
75.000000000000526, 37617293.481765233, 10415.510580590550, 31814.532468320791, 81476.475185893709, 901, 
75.200000000000529, 37617262.510737114, 10189.551327770694, 31690.873646951215, 81857.064288198409, 902, 
75.400000000000531, 37614573.882683828, 12611.225713788524, 31578.719392286133, 82236.172210130462, 917, 
75.600000000000534, 37608911.631431438, 17892.528773352577, 31581.291165414365, 82614.548629823083, 922, 
75.800000000000537, 37603238.106606849, 23054.620069888584, 31713.536907418067, 82993.736415869178, 927, 
76.000000000000540, 37602261.566805251, 23440.760936472834, 31922.569003670062, 83375.103254633825, 941, 
76.200000000000543, 37602230.423564650, 22893.389570851141, 32117.286367085781, 83758.900497437833, 942, 
76.400000000000546, 37602199.094412819, 22359.719523357158, 32296.248883177464, 84144.937180670007, 943, 
76.600000000000549, 37602167.594785690, 21839.397192735501, 32459.980626741304, 84533.027394854595, 945, 
76.800000000000551, 37602135.939605035, 21332.078206824761, 32608.990765434541, 84922.991422729567, 946, 
77.000000000000554, 37602104.143291652, 20837.427206269091, 32743.773921888682, 85314.655580216568, 947, 
77.200000000000557, 37602072.219780318, 20355.117596256416, 32864.810586997941, 85707.852036450393, 948, 
77.400000000000560, 37602040.182534531, 19884.831301411170, 32972.567527543841, 86102.418636544884, 950, 
77.600000000000563, 37602008.044559479, 19426.258550330636, 33067.498145557205, 86498.198744663780, 951, 
77.800000000000566, 37601975.818413906, 18979.097681846215, 33150.042802431715, 86895.041101839655, 952, 
78.000000000000568, 37601943.516224749, 18543.054898713992, 33220.629227038080, 87292.799649516804, 954, 
78.200000000000571, 37601911.149699360, 18117.844064486992, 33279.672853893302, 87691.333382280893, 955, 
78.400000000000574, 37601878.730136178, 17703.186527974620, 33327.577116759625, 88090.506219109477, 956, 
78.600000000000577, 37601846.268437512, 17298.810909210973, 33364.733803532574, 88490.186849760270, 957, 
78.800000000000580, 37601813.775121391, 16904.452901298246, 33391.523385158856, 88890.248592168398, 959, 
79.000000000000583, 37601781.260332286, 16519.855091350953, 33408.315313540603, 89290.569262835401, 960, 
79.200000000000585, 37601748.733851008, 16144.766797849808, 33415.468292937163, 89691.031058224820, 961, 
79.400000000000588, 37601716.205106683, 15778.943866545205, 33413.330617050153, 90091.520409730700, 963, 
79.600000000000591, 37601683.683186874, 15422.148502962944, 33402.240447196717, 90491.927862975674, 964, 
79.800000000000594, 37601651.176846243, 15074.149127960065, 33382.526053499496, 90892.147972304039, 965, 
80.000000000000597, 37601618.694517337, 14734.720195862365, 33354.506115210810, 91292.079171592530, 966, 
80.200000000000600, 37601586.244320124, 14403.642033876667, 33318.489986714667, 91691.623659289820, 968, 
80.400000000000603, 37601553.834070869, 14080.700692960832, 33274.777944931957, 92090.687291241818, 969, 
80.600000000000605, 37601521.471290372, 13765.687811331212, 33223.661416416748, 92489.179481882864, 970, 
80.800000000000608, 37601489.163213819, 13458.400445635441, 33165.423255204129, 92887.013085342580, 972, 
81.000000000000611, 37601456.916799001, 13158.640932907330, 33100.337971467416, 93284.104296627949, 973, 
81.200000000000614, 37601424.738733508, 12866.216770978890, 33028.671930778786, 93680.372564735721, 974, 
81.400000000000617, 37601392.635443717, 12580.940464882906, 32950.683606639919, 94075.740484759939, 976, 
81.600000000000620, 37601360.613102488, 12302.629396269727, 32866.623796272776, 94470.133704968233, 977, 
81.800000000000622, 37601328.677636497, 12031.105699642076, 32776.735825319010, 94863.480838538264, 978, 
82.000000000000625, 37601296.834733114, 11766.196147177165, 32681.255738777058, 95255.713380937901, 979, 
82.200000000000628, 37601265.089848399, 11507.732009651545, 32580.412529018562, 95646.765612929637, 981, 
82.400000000000631, 37601233.448213920, 11255.548942591289, 32474.428323810673, 96036.574519681264, 982, 
82.600000000000634, 37601201.914842613, 11009.486886756978, 32363.518551686400, 96425.079718946698, 983, 
82.800000000000637, 37601170.494536266, 10769.389939448633, 32247.892152547320, 96812.223371740998, 985, 
83.000000000000639, 37601139.191891834, 10535.106246165225, 32127.751756047794, 97197.950105953758, 986, 
83.200000000000642, 37601108.011307292, 10306.487901800594, 32003.293844815329, 97582.206946099264, 987, 
83.400000000000645, 37601076.956987523, 10083.390849426298, 31874.708921158341, 97964.943241895351, 988, 
83.600000000000648, 37595845.102681667, 15007.454087176131, 31801.115933914360, 98346.327297244061, 1005, 
83.800000000000651, 37590140.807302110, 20271.226399634699, 31860.341067169818, 98727.625231087310, 1010, 
84.000000000000654, 37586055.952668443, 23791.261406141821, 32042.384492391055, 99110.401433029881, 1026, 
84.200000000000657, 37586024.789055102, 23235.342109902747, 32244.275258876052, 99495.593576118656, 1027, 
84.400000000000659, 37585993.432614572, 22693.342060945757, 32430.115869431625, 99883.109455048398, 1028, 
84.600000000000662, 37585961.899066314, 22164.901988369591, 32600.439281242125, 100272.75966407619, 1030, 
84.800000000000665, 37585930.203606606, 21649.672007681063, 32755.763284919973, 100664.36110079294, 1031, 
85.000000000000668, 37585898.360922031, 21147.311400511298, 32896.590873402776, 101057.73680405876, 1032, 
85.200000000000671, 37585866.385206096, 20657.488335566748, 33023.410705155409, 101452.71575318192, 1034, 
85.400000000000674, 37585834.290173173, 20179.879638651004, 33136.697487608049, 101849.13270056878, 1035, 
85.600000000000676, 37585802.089070357, 19714.170598133758, 33236.912303176199, 102246.82802833345, 1036, 
85.800000000000679, 37585769.794692397, 19260.054715299855, 33324.503023560006, 102645.64756874659, 1038, 
86.000000000000682, 37585737.419394881, 18817.233484503737, 33399.904675512465, 103045.44244510474, 1039, 
86.200000000000685, 37585704.975106031, 18385.416198807197, 33463.539765243579, 103446.06892991791, 1040, 
86.400000000000688, 37585672.473338701, 17964.319750704068, 33515.818610372429, 103847.38830022357, 1041, 
86.600000000000691, 37585639.925203659, 17553.668408562527, 33557.139710278730, 104249.26667750604, 1043, 
86.800000000000693, 37585607.341420636, 17153.193633174025, 33587.890051679795, 104651.57489451629, 1044, 
87.000000000000696, 37585574.732328512, 16762.633910213779, 33608.445388480934, 105054.18837279531, 1045, 
87.200000000000699, 37585542.107897975, 16381.734535852736, 33619.170596032898, 105456.98697014448, 1047, 
87.400000000000702, 37585509.477741964, 16010.247441832504, 33620.419961801577, 105859.85485440433, 1048, 
87.600000000000705, 37585476.851124771, 15647.931046604541, 33612.537434192789, 106262.68039444221, 1049, 
87.800000000000708, 37585444.236973375, 15294.550062070084, 33595.856941712860, 106665.35602285598, 1051, 
88.000000000000711, 37585411.643887468, 14949.875325881456, 33570.702670895051, 107067.77811576892, 1052, 
88.200000000000713, 37585379.080148198, 14613.683655935703, 33537.389308588346, 107469.84688728699, 1053, 
88.400000000000716, 37585346.553727582, 14285.757692316014, 33496.222303860326, 107871.46627625507, 1054, 
88.600000000000719, 37585314.072298348, 13965.885729343330, 33447.498145094090, 108272.54382722879, 1056, 
88.800000000000722, 37585281.643242359, 13653.861575089710, 33391.504593118407, 108672.99058944525, 1057, 
89.000000000000725, 37585249.273658395, 13349.484421781894, 33328.520896861708, 109072.72102297597, 1058, 
89.200000000000728, 37585216.970371693, 13052.558681758328, 33258.818063003499, 109471.65288355928, 1060, 
89.400000000000730, 37585184.739941865, 12762.893854408627, 33182.659076213749, 109869.70712753038, 1061, 
89.600000000000733, 37585152.588669755, 12480.304411954185, 33100.299089456195, 110266.80782885056, 1062, 
89.800000000000736, 37585120.522606149, 12204.609650151013, 33011.985669136579, 110662.88207458027, 1064, 
90.000000000000739, 37585088.547559269, 11935.633560462491, 32917.959005993987, 111057.85987429632, 1065, 
90.200000000000742, 37585056.669101305, 11673.204720681826, 32818.452096723558, 111451.67408130749, 1066, 
90.400000000000745, 37585024.892575756, 11417.156170153441, 32713.690949447369, 111844.26030465824, 1067, 
90.600000000000747, 37584993.223104738, 11167.325283548489, 32603.894790998991, 112235.55682073162, 1069, 
90.800000000000750, 37584961.665595338, 10923.553663176197, 32489.276244825622, 112625.50449668028, 1070, 
91.000000000000753, 37584930.224745572, 10685.687038725202, 32370.041497063230, 113014.04671865261, 1071, 
91.200000000000756, 37584898.905051619, 10453.575141865102, 32246.390501403192, 113401.12930513154, 1073, 
91.400000000000759, 37584867.710813679, 10227.071605007737, 32118.517145895832, 113786.70043543517, 1074, 
91.600000000000762, 37581486.457128502, 13331.765342677965, 32011.009565181685, 114170.76796365561, 1089, 
91.800000000000765, 37575750.711914465, 18668.041216004760, 32027.010639554610, 114554.23622998931, 1095, 
92.000000000000767, 37570001.211991280, 23886.198936002373, 32173.904784497914, 114938.68428824218, 1099, 
92.200000000000770, 37569718.531006500, 23573.464330449868, 32382.596420536858, 115325.40824253492, 1113, 
92.400000000000773, 37569687.136861548, 23023.239691130693, 32575.086041327362, 115714.53740601096, 1114, 
92.600000000000776, 37569655.559207752, 22486.784463227610, 32751.777342963527, 116105.87898607747, 1115, 
92.800000000000779, 37569623.813509904, 21963.743334527244, 32913.196591260552, 116499.24656434060, 1117, 
93.000000000000782, 37569591.914716966, 21453.770264622934, 33059.855078739682, 116894.45993969857, 1118, 
93.200000000000784, 37569559.877275087, 20956.528273256939, 33192.249479341146, 117291.34497234430, 1119, 
93.400000000000787, 37569527.715143003, 20471.689182220227, 33310.862277626446, 117689.73339718388, 1120, 
93.600000000000790, 37569495.441806547, 19998.933374311790, 33416.162169885916, 118089.46264928849, 1122, 
93.800000000000793, 37569463.070291609, 19537.949579363903, 33508.604421173040, 118490.37570789209, 1123, 
94.000000000000796, 37569430.613176331, 19088.434672617208, 33588.631202156525, 118892.32094893024, 1124, 
94.200000000000799, 37569398.082605802, 18650.093428378939, 33656.671997304475, 119295.15196855571, 1126, 
94.400000000000801, 37569365.490303934, 18222.638321980896, 33713.143934937092, 119698.72743918460, 1127, 
94.600000000000804, 37569332.847584233, 17805.789354032535, 33758.452081249845, 120102.91098051946, 1128, 
94.800000000000807, 37569300.165363312, 17399.273821319348, 33792.989819357608, 120507.57099604126, 1130, 
95.000000000000810, 37569267.454172343, 17002.826126331631, 33817.139165902372, 120912.58053546118, 1131, 
95.200000000000813, 37569234.724166766, 16616.187616565065, 33831.271039745567, 121317.81717695719, 1132, 
95.400000000000816, 37569201.985138267, 16239.106383798960, 33835.745594200824, 121723.16288376520, 1133, 
95.600000000000819, 37569169.246525571, 15871.337082088388, 33830.912518860190, 122128.50387352027, 1135, 
95.800000000000821, 37569136.517424278, 15512.640763345278, 33817.111312950678, 122533.73049946326, 1136, 
96.000000000000824, 37569103.806596272, 15162.784721898654, 33794.671544101177, 122938.73713776535, 1137, 
96.200000000000827, 37569071.122480713, 14821.542306433472, 33763.913158509742, 123343.42205437461, 1139, 
96.400000000000830, 37569038.473203108, 14488.692768955831, 33725.146731770794, 123747.68729619522, 1140, 
96.600000000000833, 37569005.866583452, 14164.021129324969, 33678.673694760029, 124151.43859249019, 1141, 
96.800000000000836, 37568973.310146533, 13847.317999469336, 33624.786622981548, 124554.58523104381, 1143, 
97.000000000000838, 37568940.811130524, 13538.379438240288, 33563.769476878704, 124957.03995438738, 1144, 
97.200000000000841, 37568908.376494385, 13237.006828865740, 33495.897806146706, 125358.71887063522, 1145, 
97.400000000000844, 37568876.012926966, 12943.006723319077, 33421.439005925517, 125759.54134382476, 1147, 
97.600000000000847, 37568843.726855151, 12656.190703918483, 33340.652545323173, 126159.42989564037, 1148, 
97.800000000000850, 37568811.524451278, 12376.375258762402, 33253.790173773486, 126558.31011621996, 1149, 
98.000000000000853, 37568779.411640331, 12103.381660059991, 33161.096122566902, 126956.11057706851, 1150, 
98.200000000000855, 37568747.394108251, 11837.035821555673, 33062.807338781386, 127352.76273143740, 1152, 
98.400000000000858, 37568715.477308720, 11577.168183097156, 32959.153676175396, 127748.20083203638, 1153, 
98.600000000000861, 37568683.666469418, 11323.613606147399, 32850.358068717695, 128142.36185574520, 1154, 
98.800000000000864, 37568651.966599800, 11076.211239012750, 32736.636751094105, 128535.18541012223, 1156, 
99.000000000000867, 37568620.382497557, 10834.804406243180, 32618.199440973251, 128926.61365525464, 1157, 
99.200000000000870, 37568588.918754235, 10599.240514995910, 32495.249494580119, 129316.59123621763, 1158, 
99.400000000000873, 37568557.579762138, 10369.370934654597, 32367.984103589573, 129705.06519963940, 1160, 
99.600000000000875, 37568526.369720519, 10145.050891073995, 32236.594468821255, 130091.98491961505, 1161, 
99.800000000000878, 37565760.119039305, 12645.043127255913, 32117.504726262745, 130477.33310721655, 1176, 
100.00000000000088, 37560009.404587299, 18013.140057729554, 32115.573995047449, 130861.88135996471, 1181, 
100.20000000000088, 37554248.071138963, 23259.236571209185, 32245.492228667783, 131247.20006120438, 1186, 
100.40000000000089, 37553365.438874975, 23548.614225953097, 32451.278407412927, 131634.66849169350, 1200, 
100.60000000000089, 37553334.080782533, 22999.056159312553, 32642.339192160813, 132024.52386603819, 1201, 
100.80000000000089, 37553302.540666372, 22463.249570546926, 32817.635058734973, 132416.57470438280, 1202, 
101.00000000000090, 37553270.833951384, 21940.839636006367, 32977.691424010765, 132810.63498863747, 1203, 
101.20000000000090, 37553238.975547671, 21431.480790874321, 33123.018753489421, 133206.52490800418, 1205, 
101.40000000000090, 37553206.979864717, 20934.836495901949, 33254.112950776762, 133604.07068863770, 1206, 
101.60000000000090, 37553174.860824347, 20450.579024872313, 33371.455713314412, 134003.10443750166, 1207, 
101.80000000000091, 37553142.631876685, 19978.389196084583, 33475.514977787752, 134403.46394948050, 1209, 
102.00000000000091, 37553110.306013346, 19517.956154003332, 33566.745284143384, 134804.99254854041, 1210, 
102.20000000000091, 37553077.895778894, 19068.977181910781, 33645.588089446879, 135207.53894977932, 1211, 
102.40000000000092, 37553045.413285308, 18631.157458155441, 33712.472171924222, 135610.95708464226, 1213, 
102.60000000000092, 37553012.870224550, 18204.209846727746, 33767.813979286431, 136015.10594946047, 1214, 
102.80000000000092, 37552980.277879626, 17787.854715090591, 33812.017932957417, 136419.84947235550, 1215, 
103.00000000000092, 37552947.647136495, 17381.819734492266, 33845.476760015226, 136825.05636902535, 1216, 
103.20000000000093, 37552914.988496587, 16985.839670067915, 33868.571840936296, 137230.59999243374, 1218, 
103.40000000000093, 37552882.312087409, 16599.656203990573, 33881.673503988110, 137636.35820463696, 1219, 
103.60000000000093, 37552849.627672352, 16223.017773190086, 33885.141296082984, 138042.21325839288, 1220, 
103.80000000000094, 37552816.944662847, 15855.679363557729, 33879.324322582550, 138448.05165103363, 1222, 
104.00000000000094, 37552784.272128329, 15497.402342342615, 33864.561525666824, 138853.76400368378, 1223, 
104.20000000000094, 37552751.618804969, 15147.954314735454, 33841.181923930591, 139259.24495638238, 1224, 
104.40000000000094, 37552718.993106633, 14807.108937638868, 33809.504919657586, 139664.39303609266, 1226, 
104.60000000000095, 37552686.403134368, 14474.645759034733, 33769.840564890023, 140069.11054173048, 1227, 
104.80000000000095, 37552653.856684871, 14150.350077531462, 33722.489795127585, 140473.30344248578, 1228, 
105.00000000000095, 37552621.361259483, 13834.012790961136, 33667.744680064541, 140876.88126950554, 1229, 
105.20000000000095, 37552588.924073637, 13525.430234601808, 33605.888690262815, 141279.75700151280, 1231, 
105.40000000000096, 37552556.552064948, 13224.404045714158, 33537.196921764553, 141681.84696759569, 1232, 
105.60000000000096, 37552524.251900613, 12930.741039624923, 33461.936302232447, 142083.07075754806, 1233, 
105.80000000000096, 37552492.029986635, 12644.253052006168, 33380.365849964459, 142483.35111141563, 1235, 
106.00000000000097, 37552459.892475359, 12364.756810215193, 33292.736886633880, 142882.61382781260, 1236, 
106.20000000000097, 37552427.845272116, 12092.073823474564, 33199.293220157815, 143280.78768426739, 1237, 
106.40000000000097, 37552395.894043475, 11826.030240608863, 33100.271378158155, 143677.80433777792, 1239, 
106.60000000000097, 37552364.044224419, 11566.456726837669, 32995.900811044419, 144073.59823771272, 1240, 
106.80000000000098, 37552332.301024847, 11313.188355433507, 32886.404071488207, 144468.10654824594, 1241, 
107.00000000000098, 37552300.669436246, 11066.064492978825, 32771.997003630015, 144861.26906715982, 1242, 
107.20000000000098, 37552269.154238924, 10824.928674660394, 32652.888947411637, 145253.02813901741, 1244, 
107.40000000000099, 37552237.760008112, 10589.628500490930, 32529.282909850677, 145643.32858156270, 1245, 
107.60000000000099, 37552206.491119571, 10360.015540679877, 32401.375721851924, 146032.11761791536, 1246, 
107.80000000000099, 37551624.653839849, 10685.984157120703, 32270.016958093856, 146419.34504496577, 1260, 
108.00000000000099, 37545853.348656550, 16122.854572391678, 32218.460751949264, 146805.33601913752, 1265, 
108.20000000000100, 37540080.121955313, 21427.437422517225, 32300.925377820935, 147191.51524438179, 1270, 
108.40000000000100, 37537045.478268124, 23878.656311598508, 32496.433961909272, 147579.43145840918, 1285, 
108.60000000000100, 37537014.174978115, 23320.981923957439, 32695.056104427535, 147969.78699353590, 1286, 
108.80000000000101, 37536982.682367124, 22777.266661458892, 32877.623986419363, 148362.42698503341, 1288, 
109.00000000000101, 37536951.016138062, 22247.150277735705, 33044.671604839306, 148757.16197939767, 1289, 
109.20000000000101, 37536919.191468678, 21730.281967411021, 33196.717705070667, 149153.80885888150, 1290, 
109.40000000000101, 37536887.223028652, 21226.320079293018, 33334.266257230040, 149552.19063486758, 1292, 
109.60000000000102, 37536855.124994189, 20734.931874850019, 33457.806858746575, 149952.13627225734, 1293, 
109.80000000000102, 37536822.911060624, 20255.793321040492, 33567.815081176806, 150353.48053720457, 1294, 
110.00000000000102, 37536790.594456770, 19788.588851079316, 33664.752868269366, 150756.06382392862, 1295, 
110.20000000000103, 37536758.187959187, 19333.011126036450, 33749.068932104703, 151159.73198271883, 1297, 
110.40000000000103, 37536725.703904569, 18888.760829555562, 33821.199095471900, 151564.33617044776, 1298, 
110.60000000000103, 37536693.154201299, 18455.546477500124, 33881.566609974630, 151969.73271127211, 1299, 
110.80000000000103, 37536660.550343536, 18033.084179766283, 33930.582550371328, 152375.78292636591, 1301, 
111.00000000000104, 37536627.903422862, 17621.097447334410, 33968.646135807016, 152782.35299404201, 1302, 
111.20000000000104, 37536595.224138357, 17219.317025403059, 33996.145009004649, 153189.31382727428, 1303, 
111.40000000000104, 37536562.522809573, 16827.480675469429, 34013.455596681604, 153596.54091832071, 1305, 
111.60000000000105, 37536529.809387505, 16445.332989954622, 34020.943417371906, 154003.91420520857, 1306, 
111.80000000000105, 37536497.093464307, 16072.625232896697, 34018.963347287739, 154411.31795554864, 1307, 
112.00000000000105, 37536464.384284057, 15709.115157923339, 34007.859922059179, 154818.64063600244, 1308, 
112.20000000000105, 37536431.690753616, 15354.566824778136, 33987.967640252180, 155225.77478138756, 1310, 
112.40000000000106, 37536399.021452077, 15008.750442126035, 33959.611224604472, 155632.61688123236, 1311, 
112.60000000000106, 37536366.384639435, 14671.442222103489, 33923.105864331985, 156039.06727416485, 1312, 
112.80000000000106, 37536333.788267359, 14342.424197740454, 33878.757515908459, 156445.03001902709, 1314, 
113.00000000000107, 37536301.239987940, 14021.484074923161, 33826.863148544035, 156850.41278862659, 1315, 
113.20000000000107, 37536268.747161426, 13708.415104703930, 33767.710957193987, 157255.12677670596, 1316, 
113.40000000000107, 37536236.316865951, 13403.015916630246, 33701.580636824576, 157659.08658062277, 1318, 
113.60000000000107, 37536203.955905922, 13105.090376569849, 33628.743617454122, 158062.21010008952, 1319, 
113.80000000000108, 37536171.670819342, 12814.447464171493, 33549.463267895902, 158464.41844863031, 1320, 
114.00000000000108, 37536139.467885971, 12530.901134392321, 33463.995124293673, 158865.63585537727, 1321, 
114.20000000000108, 37536107.353135593, 12254.270176282138, 33372.587122502053, 159265.78956566582, 1323, 
114.40000000000109, 37536075.332355060, 11984.378092595991, 33275.479797306827, 159664.80975507663, 1324, 
114.60000000000109, 37536043.411095016, 11721.052988650968, 33172.906466900735, 160062.62944947419, 1325, 
114.80000000000109, 37536011.594677895, 11464.127432370413, 33065.093462098834, 160459.18442767987, 1327, 
115.00000000000109, 37535979.888204634, 11213.438340694787, 32952.260313805164, 160854.41314091653, 1328, 
115.20000000000110, 37535948.296560496, 10968.826881851390, 32834.619915470357, 161248.25664223073, 1329, 
115.40000000000110, 37535916.824422434, 10730.138347883831, 32712.378731603552, 161640.65849812643, 1331, 
115.60000000000110, 37535885.476265408, 10497.222045605795, 32585.736977100554, 162031.56471193046, 1332, 
115.80000000000111, 37535854.256367989, 10269.931202313452, 32454.888773318042, 162420.92365642116, 1333, 
116.00000000000111, 37535823.168818466, 10048.122860466856, 32320.022321004857, 162808.68600010456, 1334, 
116.20000000000111, 37530301.133019209, 15257.626467907165, 32246.187071323027, 163195.05344160824, 1351, 
116.40000000000111, 37524527.361632809, 20584.190642848502, 32307.102253799712, 163581.34547058647, 1357, 
116.60000000000112, 37520734.884996377, 23806.382857456407, 32489.592167072060, 163969.13997913522, 1372, 
116.80000000000112, 37520703.692815326, 23250.471820083894, 32686.521979053246, 164359.31338558043, 1373, 
117.00000000000112, 37520672.313045546, 22708.474651943710, 32867.460977015799, 164751.75132553154, 1374, 
117.20000000000113, 37520640.761320636, 22180.032298801103, 33032.941280631283, 165146.26509997036, 1376, 
117.40000000000113, 37520609.052752465, 21664.795090591157, 33183.479850503922, 165542.67230647925, 1377, 
117.60000000000113, 37520577.201945156, 21162.422511661636, 33319.578872365768, 165940.79667085130, 1378, 
117.80000000000113, 37520545.223011561, 20672.582924755254, 33441.726215341550, 166340.46784837884, 1380, 
118.00000000000114, 37520513.129586726, 20194.953347594732, 33550.395804802676, 166741.52126091387, 1381, 
118.20000000000114, 37520480.934839942, 19729.219255823704, 33646.047952488494, 167143.79795178474, 1382, 
118.40000000000114, 37520448.651489988, 19275.074326330410, 33729.129782065866, 167547.14440165585, 1384, 
118.60000000000115, 37520416.291818038, 18832.220222409527, 33800.075586804844, 167951.41237278574, 1385, 
118.80000000000115, 37520383.867678821, 18400.366410413186, 33859.307136339528, 168356.45877446592, 1386, 
119.00000000000115, 37520351.390513688, 17979.229940222936, 33907.234041082775, 168762.14550504481, 1387, 
119.20000000000115, 37520318.871363141, 17568.535235550306, 33944.254100320482, 169168.33930102995, 1389, 
119.40000000000116, 37520286.320877902, 17168.013909373360, 33970.753609577172, 169574.91160319134, 1390, 
119.60000000000116, 37520253.749329291, 16777.404592457893, 33987.107646761149, 169981.73843153592, 1391, 
119.80000000000116, 37520221.166621760, 16396.452720462748, 33993.680423991289, 170388.70023382379, 1393, 
120.00000000000117, 37520188.582303256, 16024.910361487639, 33990.825574305367, 170795.68176098992, 1394, 
120.20000000000117, 37520156.005574249, 15662.536066233353, 33978.886402052638, 171202.57195750668, 1395, 
120.40000000000117, 37520123.445299253, 15309.094672553823, 33958.196205497858, 171609.26382274029, 1397, 
120.60000000000117, 37520090.910016663, 14964.357139816093, 33929.078551442028, 172015.65429212438, 1398, 
120.80000000000118, 37520058.407947376, 14628.100405862506, 33891.847513592715, 172421.64413321458, 1399, 
121.00000000000118, 37520025.947004408, 14300.107224235904, 33846.807941925654, 172827.13782947225, 1400, 
121.20000000000118, 37519993.534802586, 13980.165999642901, 33794.255734336941, 173232.04346347187, 1402, 
121.40000000000119, 37519961.178666942, 13668.070646840210, 33734.478070752324, 173636.27261550381, 1403, 
121.60000000000119, 37519928.885640487, 13363.620460883922, 33667.753629013307, 174039.74026965699, 1404, 
121.80000000000119, 37519896.662493728, 13066.619953514522, 33594.352853813194, 174442.36469898283, 1406, 
122.00000000000119, 37519864.515732564, 12776.878719972321, 33514.538177111433, 174844.06737038461, 1407, 
122.20000000000120, 37519832.451605164, 12494.211324673368, 33428.564208590295, 175244.77286160694, 1408, 
122.40000000000120, 37519800.476110540, 12218.437152832752, 33336.677979317901, 175644.40875734057, 1410, 
122.60000000000120, 37519768.595006086, 11949.380282899323, 33239.119152209925, 176042.90555883717, 1411, 
122.80000000000121, 37519736.813814215, 11686.869374197755, 33136.120208301356, 176440.19660331748, 1412, 
123.00000000000121, 37519705.137829423, 11430.737547102495, 33027.906644434261, 176836.21797907545, 1413, 
123.20000000000121, 37519673.572125733, 11180.822253847216, 32914.697185157092, 177230.90843529714, 1415, 
123.40000000000121, 37519642.121563084, 10936.965170446056, 32796.703961206556, 177624.20930529726, 1416, 
123.60000000000122, 37519610.790793158, 10699.012098521369, 32674.132672311436, 178016.06443604847, 1417, 
123.80000000000122, 37519579.584266543, 10466.812839763898, 32547.182792246160, 178406.42010148399, 1419, 
124.00000000000122, 37519548.506238781, 10240.221093053968, 32416.047738161495, 178795.22493004243, 1420, 
124.20000000000122, 37519517.560799405, 10019.094344005414, 32280.915014373048, 179182.42984225444, 1422, 
124.40000000000123, 37515025.010198876, 14221.884674476109, 32184.982862466000, 179568.12226421802, 1427, 
124.60000000000123, 37509266.855108626, 19558.677745767800, 32221.026797390467, 179953.44034825981, 1432, 
124.80000000000123, 37503879.896276757, 24392.672422889969, 32387.453846534740, 180339.97745385536, 1448, 
125.00000000000124, 37503848.904702052, 23822.175838368134, 32599.989767472689, 180728.92969213473, 1450, 
125.20000000000124, 37503817.710385777, 23265.968273679853, 32795.990883249498, 181120.33045732672, 1451, 
125.40000000000124, 37503786.329486459, 22723.680906511956, 32976.004980443911, 181513.98462661912, 1453, 
125.60000000000124, 37503754.777627110, 22194.954531678432, 33140.564297579011, 181909.70354366433, 1454, 
125.80000000000125, 37503723.069907688, 21679.439358242649, 33290.185866297950, 182307.30486779392, 1456, 
126.00000000000125, 37503691.220923163, 21176.794705859469, 33425.372014785971, 182706.61235621636, 1457, 
126.20000000000125, 37503659.244775236, 20686.688813395707, 33546.610689487810, 183107.45572191017, 1458, 
126.40000000000126, 37503627.155088030, 20208.798576416470, 33654.375891120857, 183509.67044445800, 1460, 
126.60000000000126, 37503594.965021707, 19742.809321299159, 33749.128051085732, 183913.09760592997, 1461, 
126.80000000000126, 37503562.687284321, 19288.414609978157, 33831.314358242933, 184317.58374748647, 1462, 
127.00000000000126, 37503530.334146619, 18845.315990174764, 33901.369172839732, 184722.98069039814, 1464, 
127.20000000000127, 37503497.917453937, 18413.222798808954, 33959.714354452415, 185129.14539283098, 1465, 
127.40000000000127, 37503465.448638350, 17991.851959440501, 34006.759599118952, 185535.93980312065, 1466, 
127.60000000000127, 37503432.938729905, 17580.927795705218, 34042.902750466863, 185943.23072396053, 1467, 
127.80000000000128, 37503400.398369513, 17180.181813259867, 34068.530160754352, 186350.88965650409, 1469, 
128.00000000000128, 37503367.837819882, 16789.352518669526, 34084.016992295939, 186758.79266918794, 1470, 
128.20000000000127, 37503335.266976133, 16408.185240783743, 34089.727514527927, 187166.82026859475, 1471, 
128.40000000000126, 37503302.695376024, 16036.431960992093, 34086.015386552826, 187574.85727646772, 1472, 
128.60000000000124, 37503270.132211462, 15673.851118222789, 34073.223979462877, 187982.79269089128, 1474, 
128.80000000000123, 37503237.586338222, 15320.207445496311, 34051.686647903174, 188390.51956841137, 1475, 
129.00000000000122, 37503205.066285491, 14975.271810949409, 34021.726994162258, 188797.93490942926, 1476, 
129.20000000000121, 37503172.580265053, 14638.821063135514, 33983.659125128848, 189204.93954671023, 1477, 
129.40000000000120, 37503140.136181548, 14310.637856903462, 33937.787939599591, 189611.43802197685, 1479, 
129.60000000000119, 37503107.741641209, 13990.510505937333, 33884.409372838782, 190017.33848004101, 1480, 
129.80000000000118, 37503075.403960317, 13678.232841185112, 33823.810631474131, 190422.55256705236, 1481, 
130.00000000000117, 37503043.130173534, 13373.604069979479, 33756.270426968666, 190826.99532954465, 1482, 
130.20000000000115, 37503010.927043021, 13076.428620535122, 33682.059231731349, 191230.58510474273, 1484, 
130.40000000000114, 37502978.801066272, 12786.516008947749, 33601.439499271364, 191633.24342553958, 1485, 
130.60000000000113, 37502946.758483626, 12503.680713049238, 33514.665873230872, 192034.89493012329, 1486, 
130.80000000000112, 37502914.805285819, 12227.742044207935, 33421.985399330675, 192435.46727066921, 1487, 
131.00000000000111, 37502882.947222061, 11958.524008430917, 33323.637753682342, 192834.89101585111, 1489, 
131.20000000000110, 37502851.189807087, 11695.855186435241, 33219.855440895713, 193233.09956560328, 1490, 
131.40000000000109, 37502819.538327828, 11439.568621184391, 33110.863980186972, 193630.02907082558, 1491, 
131.60000000000107, 37502787.997850209, 11189.501701307556, 32996.882097617992, 194025.61835089314, 1492, 
131.80000000000106, 37502756.573226348, 10945.496037013590, 32878.121929635003, 194419.80880702910, 1494, 
132.00000000000105, 37502725.269100890, 10707.397351975722, 32754.789201269537, 194812.54434589026, 1495, 
132.20000000000104, 37502694.089916900, 10475.055383008828, 32627.083391914308, 195203.77130820358, 1496, 
132.40000000000103, 37502663.039922036, 10248.323774123910, 32495.197909543509, 195593.43839432616, 1497, 
132.60000000000102, 37502632.123175912, 10027.059963696500, 32359.320273736721, 195981.49658668152, 1499, 
132.80000000000101, 37501165.271660119, 11242.709979616906, 32224.114782201537, 196367.90357808463, 1503, 
133.00000000000099, 37495408.941042960, 16651.321128026044, 32186.582771739824, 196753.15505729933, 1508, 
133.20000000000098, 37489648.257287912, 21930.743606724976, 32282.241094315275, 197138.75801106606, 1513, 
133.40000000000097, 37487167.599997021, 23823.086566392732, 32483.084333359904, 197526.22910324571, 1527, 
133.60000000000096, 37487136.626951262, 23266.728262693487, 32680.501298815543, 197916.14348723821, 1529, 
133.80000000000095, 37487105.466008693, 22724.295163211569, 32861.910686948388, 198308.32814115359, 1530, 
134.00000000000094, 37487074.132804252, 22195.427950641744, 33027.845064519301, 198702.59418059766, 1531, 
134.20000000000093, 37487042.642452106, 21679.776681923231, 33178.821853957343, 199098.75901202357, 1533, 
134.40000000000092, 37487011.009559862, 21177.000553911068, 33315.343724825238, 199496.64616141288, 1534, 
134.60000000000090, 37486979.248241961, 20686.767682289559, 33437.898963571730, 199896.08511219244, 1536, 
134.80000000000089, 37486947.372136086, 20208.754825340526, 33546.961931612743, 200296.91110697252, 1537, 
135.00000000000088, 37486915.394413948, 19742.647209654464, 33642.993358761079, 200698.96501765292, 1538, 
135.20000000000087, 37486883.327797100, 19288.138262190318, 33726.440786949875, 201102.09315377483, 1540, 
135.40000000000086, 37486851.184568629, 18844.929418357806, 33797.738891137786, 201506.14712189173, 1541, 
135.60000000000085, 37486818.976585679, 18412.729912628984, 33857.309827944700, 201910.98367375421, 1542, 
135.80000000000084, 37486786.715292379, 17991.256562817132, 33905.563593941879, 202316.46455087376, 1544, 
136.00000000000082, 37486754.411731809, 17580.233568568961, 33942.898360627049, 202722.45633900919, 1545, 
136.20000000000081, 37486722.076556228, 17179.392343965588, 33969.700754463927, 203128.83034535983, 1546, 
136.40000000000080, 37486689.720039889, 16788.471299928951, 33986.346216759070, 203535.46244344057, 1547, 
136.60000000000079, 37486657.352089599, 16407.215668153101, 33993.199296645427, 203942.23294561479, 1549, 
136.80000000000078, 37486624.982255563, 16035.377319166524, 33990.613953003121, 204349.02647228198, 1550, 
137.00000000000077, 37486592.619740605, 15672.714609099159, 33978.933810296148, 204755.73184001379, 1551, 
137.20000000000076, 37486560.273411579, 15318.992186311676, 33958.492477892745, 205162.24192423638, 1552, 
137.40000000000074, 37486527.951808907, 14973.980830637489, 33929.613816985810, 205568.45354348645, 1554, 
137.60000000000073, 37486495.663156278, 14637.457290708680, 33892.612210134226, 205974.26734289850, 1555, 
137.80000000000072, 37486463.415368885, 14309.204146307799, 33847.792790784020, 206379.58769403971, 1556, 
138.00000000000071, 37486431.216063552, 13989.009636202607, 33795.451727095817, 206784.32257316980, 1557, 
138.20000000000070, 37486399.072567388, 13676.667511277736, 33735.876465218564, 207188.38345613432, 1559, 
138.40000000000069, 37486366.991926432, 13371.976888967449, 33669.345970088609, 207591.68521453755, 1560, 
138.60000000000068, 37486334.980913036, 13074.742129206003, 33596.130931955173, 207994.14602582282, 1561, 
138.80000000000067, 37486303.046034843, 12784.772681817221, 33516.494017574281, 208395.68726579114, 1562, 
139.00000000000065, 37486271.193542607, 12501.882952174899, 33430.690092140198, 208796.23341310376, 1564, 
139.20000000000064, 37486239.429437913, 12225.892170991445, 33338.966434311769, 209195.71195681221, 1565, 
139.40000000000063, 37486207.759479851, 11956.624281930865, 33241.562922952355, 209594.05331529430, 1566, 
139.60000000000062, 37486176.189192854, 11693.907807108400, 33138.712258211606, 209991.19074185853, 1567, 
139.80000000000061, 37486144.723873861, 11437.575723997817, 33030.640164276097, 210387.06023789642, 1569, 
140.00000000000060, 37486113.368599154, 11187.465349138189, 32917.565581078852, 210781.60047065956, 1570, 
140.20000000000059, 37486082.128230430, 10943.418235577248, 32799.700834268369, 211174.75269976273, 1571, 
140.40000000000057, 37486051.007421590, 10705.280055192394, 32677.251828442797, 211566.46069480956, 1572, 
140.60000000000056, 37486020.010625347, 10472.900485653145, 32550.418232721720, 211956.67065631159, 1574, 
140.80000000000055, 37485989.142099209, 10246.133106848432, 32419.393651202245, 212345.33114276858, 1575, 
141.00000000000054, 37483393.384692088, 12575.592971657476, 32298.603869729559, 212732.41846653266, 1590, 
141.20000000000053, 37477623.694722898, 17964.589673340713, 32293.048724663375, 213118.66687909840, 1595, 
141.40000000000052, 37471844.017227322, 23230.446383495288, 32419.890826596191, 213505.64556258454, 1600, 
141.60000000000051, 37470748.301455237, 23729.661032360993, 32627.276159599955, 213894.76135279550, 1614, 
141.80000000000049, 37470717.291395403, 23175.735308050927, 32820.681137164021, 214286.29215937617, 1615, 
142.00000000000048, 37470686.097450927, 22635.670755591964, 32998.186059819047, 214680.04573366247, 1616, 
142.20000000000047, 37470654.735144570, 22109.109749009116, 33160.320642356535, 215075.83446406343, 1617, 
142.40000000000046, 37470623.219481416, 21595.703991163107, 33307.599531792577, 215473.47699562946, 1619, 
142.60000000000045, 37470591.564963117, 21095.114277144385, 33440.522702405120, 215872.79805732897, 1620, 
142.80000000000044, 37470559.785600632, 20607.010286179939, 33559.575804470660, 216273.62830871760, 1621, 
143.00000000000043, 37470527.894930243, 20131.070311231590, 33665.230612922380, 216675.80414560114, 1623, 
143.20000000000041, 37470495.906027123, 19666.981034345972, 33757.945401690245, 217079.16753684205, 1624, 
143.40000000000040, 37470463.831516877, 19214.437336220231, 33838.165262660477, 217483.56588423968, 1625, 
143.60000000000039, 37470431.683589637, 18773.142060375685, 33906.322497177243, 217888.85185281161, 1626, 
143.80000000000038, 37470399.474012911, 18342.805797167537, 33962.836975108308, 218294.88321481101, 1628, 
144.00000000000037, 37470367.214143321, 17923.146689513927, 34008.116458596945, 218701.52270856517, 1629, 
144.20000000000036, 37470334.914937563, 17513.890250568125, 34042.556906364698, 219108.63790549693, 1630, 
144.40000000000035, 37470302.586965576, 17114.769141070265, 34066.542842052593, 219516.10105128845, 1632, 
144.60000000000034, 37470270.240421295, 16725.522989861263, 34080.447652966643, 219923.78893586333, 1633, 
144.80000000000032, 37470237.885132261, 16345.898235151459, 34084.633855403772, 220331.58277717562, 1634, 
145.00000000000031, 37470205.530571766, 15975.647917682327, 34079.453436298580, 220739.36807424022, 1636, 
145.20000000000030, 37470173.185869180, 15614.531508078855, 34065.248139785712, 221147.03448294147, 1637, 
145.40000000000029, 37470140.859818764, 15262.314760292638, 34042.349711907402, 221554.47570902813, 1638, 
145.60000000000028, 37470108.560890198, 14918.769532898459, 34011.080196084826, 221961.58938081143, 1639, 
145.80000000000027, 37470076.297238484, 14583.673621979055, 33971.752209654282, 222368.27692987301, 1641, 
146.00000000000026, 37470044.076712780, 14256.810612596415, 33924.669190474619, 222774.44348413820, 1642, 
146.20000000000024, 37470011.906864718, 13937.969739790202, 33870.125628160560, 223179.99776732383, 1643, 
146.40000000000023, 37469979.794958353, 13626.945717642846, 33808.407345410073, 223584.85197858690, 1645, 
146.60000000000022, 37469947.747978367, 13323.538601348804, 33739.791726632029, 223988.92169364568, 1646, 
146.80000000000021, 37469915.772637337, 13027.553666080737, 33664.547919811492, 224392.12577676511, 1647, 
147.00000000000020, 37469883.875384912, 12738.801248834832, 33582.937096360307, 224794.38626988666, 1649, 
147.20000000000019, 37469852.062415622, 12457.096615756394, 33495.212670311710, 225195.62829830300, 1650, 
147.40000000000018, 37469820.339675635, 12182.259849220711, 33401.620486152620, 225595.77998898653, 1651, 
147.60000000000016, 37469788.712870628, 11914.115712545930, 33302.399041470111, 225994.77237534913, 1652, 
147.80000000000015, 37469757.187473342, 11652.493520674470, 33197.779699764345, 226392.53930621574, 1654, 
148.00000000000014, 37469725.768730246, 11397.227026561453, 33087.986878256423, 226789.01736493438, 1655, 
148.20000000000013, 37469694.461667843, 11148.154315221595, 32973.238223473556, 227184.14579346252, 1656, 
148.40000000000012, 37469663.271100186, 10905.117672513348, 32853.744825885988, 227577.86640142044, 1658, 
148.60000000000011, 37469632.201635078, 10667.963479120503, 32729.711394772326, 227970.12349103342, 1659, 
148.80000000000010, 37469601.257679611, 10436.542118061538, 32601.336411799792, 228360.86379053089, 1660, 
149.00000000000009, 37469570.443447046, 10210.707853808924, 32468.812328397657, 228750.03637075349, 1662, 
149.20000000000007, 37469539.762966044, 9990.3187266966452, 32332.325733789272, 229137.59257347378, 1663, 
149.40000000000006, 37466595.761675380, 12670.244878344518, 32210.469971406590, 229523.52347487377, 1668, 
149.60000000000005, 37460844.206741191, 18039.085955123352, 32208.065579837115, 229908.64172385956, 1673, 
149.80000000000004, 37455082.148476757, 23285.793889762925, 32337.532760000042, 230294.52487349280, 1678, 
150.00000000000003, 37454059.689328410, 23711.969908963863, 32545.773674640765, 230682.56708800254, 1692, 
150.20000000000002, 37454028.865799576, 23158.387166957502, 32739.715932544270, 231073.03110093757, 1693, 
150.40000000000001, 37453997.857932359, 22618.657578294395, 32917.760139130893, 231465.72435023173, 1694, 
150.59999999999999, 37453966.681241170, 22092.423715865083, 33080.435801263782, 231860.45924171124, 1696, 
150.79999999999998, 37453935.350723058, 21579.337478056928, 33228.257362124052, 232257.05443676951, 1697, 
150.99999999999997, 37453903.880870372, 21079.059881154244, 33361.724549567713, 232655.33469891874, 1699, 
151.19999999999996, 37453872.285688035, 20591.260767885273, 33481.322859240143, 233055.13068484701, 1700, 
151.39999999999995, 37453840.578704767, 20115.618625881816, 33587.523860000096, 233456.27880936471, 1701, 
151.59999999999994, 37453808.772988461, 19651.820327754805, 33680.785625207522, 233858.62105858975, 1703, 
151.79999999999993, 37453776.881159134, 19199.560916735572, 33761.553090083522, 234262.00483405255, 1704, 
151.99999999999991, 37453744.915400505, 18758.543415866898, 33830.258370891410, 234666.28281274874, 1706, 
152.19999999999990, 37453712.887475029, 18328.478571683550, 33887.321188756476, 235071.31276453618, 1707, 
152.39999999999989, 37453680.808733560, 17909.084698716375, 33933.149131268430, 235476.95743646065, 1708, 
152.59999999999988, 37453648.690128095, 17500.087463608044, 33968.138010564420, 235883.08439773560, 1709, 
152.79999999999987, 37453616.542223893, 17101.219682118648, 33992.672200200614, 236289.56589379342, 1711, 
152.99999999999986, 37453584.375210248, 16712.221138793986, 34007.124935316424, 236696.27871564796, 1712, 
153.19999999999985, 37453552.198911577, 16332.838401246965, 34011.858620977480, 237103.10406621316, 1713, 
153.39999999999984, 37453520.022797003, 15962.824660425311, 34007.225098707786, 237509.92744387334, 1714, 
153.59999999999982, 37453487.855992071, 15601.939532583159, 33993.565973609366, 237916.63850175182, 1715, 
153.79999999999981, 37453455.707288228, 15249.948899150526, 33971.212880625280, 238323.13093200888, 1717, 
153.99999999999980, 37453423.585152842, 14906.624738847635, 33940.487762727265, 238729.30234559361, 1718, 
154.19999999999979, 37453391.497737646, 14571.744986820100, 33901.703105861423, 239135.05416968022, 1719, 
154.39999999999978, 37453359.452889182, 14245.093356225110, 33855.162233047027, 239540.29152155161, 1720, 
154.59999999999977, 37453327.458157472, 13926.459192281247, 33801.159546522307, 239944.92310373008, 1722, 
154.79999999999976, 37453295.520804867, 13615.637322353285, 33739.980775764510, 240348.86109702635, 1723, 
154.99999999999974, 37453263.647813611, 13312.427929542895, 33671.903188051787, 240752.02106879899, 1724, 
155.19999999999973, 37453231.845895164, 13016.636393458824, 33597.195850445642, 241154.32186093667, 1725, 
155.39999999999972, 37453200.121498011, 12728.073156932554, 33516.119850372830, 241555.68549468918, 1727, 
155.59999999999971, 37453168.480815567, 12446.553591929636, 33428.928517077737, 241956.03707542614, 1728, 
155.79999999999970, 37453136.929792985, 12171.897885912720, 33335.867610626992, 242355.30471047346, 1729, 
155.99999999999969, 37453105.474135339, 11903.930900237337, 33237.175554466121, 242753.41940995993, 1730, 
156.19999999999968, 37453074.119314753, 11642.482048337046, 33133.083636468924, 243150.31500043816, 1732, 
156.39999999999966, 37453042.870577469, 11387.385175733718, 33023.816206737873, 243545.92804005780, 1733, 
156.59999999999965, 37453011.732949898, 11138.478457486017, 32909.590847858053, 243940.19774475851, 1734, 
156.79999999999964, 37452980.711245865, 10895.604272866067, 32790.618580368311, 244333.06590089513, 1735, 
156.99999999999963, 37452949.810073122, 10658.609093874162, 32667.104046204768, 244724.47678679143, 1737, 
157.19999999999962, 37452919.033839554, 10427.343377943020, 32539.245685236394, 245114.37709725671, 1738, 
157.39999999999961, 37452888.386758715, 10201.661474841192, 32407.235889457777, 245502.71587698092, 1739, 
157.59999999999960, 37448959.427435726, 13846.959868680167, 32304.078929734082, 245889.53376583796, 1755, 
157.79999999999959, 37443191.454756685, 19203.061382196192, 32329.629833015770, 246275.85402808167, 1760, 
157.99999999999957, 37437676.757031366, 24173.661277135070, 32486.310721178717, 246663.27097030031, 1776, 
158.19999999999956, 37437646.090419799, 23608.610578881489, 32692.292466742958, 247053.00653456061, 1778, 
158.39999999999955, 37437615.227819033, 23057.707738355271, 32881.951196856688, 247445.11324573803, 1779, 
158.59999999999954, 37437584.185151689, 22520.587656604563, 33055.828701789993, 247839.39848990226, 1780, 
158.79999999999953, 37437552.977811381, 21996.894757898190, 33214.451378922189, 248235.67605177782, 1782, 
158.99999999999952, 37437521.620677322, 21486.282748827343, 33358.330635106642, 248633.76593872579, 1783, 
159.19999999999951, 37437490.128127187, 20988.414406282358, 33487.963242115125, 249033.49422439717, 1784, 
159.39999999999949, 37437458.514053576, 20502.961301390453, 33603.831794867787, 249434.69285014769, 1786, 
159.59999999999948, 37437426.791877784, 20029.603570190564, 33706.405093695292, 249837.19945831783, 1787, 
159.79999999999947, 37437394.974561617, 19568.029719171234, 33796.138470132712, 250240.85724906466, 1788, 
159.99999999999946, 37437363.074621767, 19117.936384554669, 33873.474186695370, 250645.51480696720, 1789, 
160.19999999999945, 37437331.104142956, 18679.028111736014, 33938.841803675205, 251051.02594161115, 1791, 
160.39999999999944, 37437299.074789882, 18251.017156923350, 33992.658509817731, 251457.24954334710, 1792, 
160.59999999999943, 37437266.997818455, 17833.623301067782, 34035.329432975363, 251864.04944747910, 1793, 
160.79999999999941, 37437234.884089164, 17426.573622518190, 34067.248016378500, 252271.29427191679, 1795, 
160.99999999999940, 37437202.744078137, 17029.602313697265, 34088.796323871728, 252678.85728427584, 1796, 
161.19999999999939, 37437170.587886900, 16642.450519113736, 34100.345310769975, 253086.61628319795, 1797, 
161.39999999999938, 37437138.425254822, 16264.866124252239, 34102.255172720805, 253494.45344818354, 1799, 
161.59999999999937, 37437106.265569605, 15896.603579236044, 34094.875638500162, 253902.25521263745, 1800, 
161.79999999999936, 37437074.117876314, 15537.423749024058, 34078.546220204538, 254309.91215443221, 1801, 
161.99999999999935, 37437041.990888141, 15187.093731369487, 34053.596514397992, 254717.31886606771, 1802, 
162.19999999999933, 37437009.892996468, 14845.386685869247, 34020.346485093847, 255124.37383254341, 1804, 
162.39999999999932, 37436977.832279935, 14512.081682347240, 33979.106715586764, 255530.97932211080, 1805, 
162.59999999999931, 37436945.816512890, 14186.963559120612, 33930.178644330539, 255937.04128364462, 1806, 
162.79999999999930, 37436913.853175581, 13869.822748400842, 33873.854852432349, 256342.46922357273, 1808, 
162.99999999999929, 37436881.949462533, 13560.455135330400, 33810.419297390436, 256747.17610474033, 1809, 
163.19999999999928, 37436850.112289935, 13258.661934426867, 33740.147519074999, 257151.07825655630, 1810, 
163.39999999999927, 37436818.348305054, 12964.249528236405, 33663.306904967561, 257554.09526173701, 1812, 
163.59999999999926, 37436786.663894176, 12677.029331757356, 33580.156914241059, 257956.14985982608, 1813, 
163.79999999999924, 37436755.065189518, 12396.817676857725, 33490.949270063516, 258357.16786355860, 1814, 
163.99999999999923, 37436723.558077276, 12123.435674795357, 33395.928186012956, 258757.07806191072, 1815, 
164.19999999999922, 37436692.148205318, 11856.709083695852, 33295.330584232819, 259155.81212674867, 1817, 
164.39999999999921, 37436660.840990014, 11596.468192591066, 33189.386287209636, 259553.30453017936, 1818, 
164.59999999999920, 37436629.641622655, 11342.547713482893, 33078.318196739659, 259949.49246711840, 1819, 
164.79999999999919, 37436598.555077128, 11094.786647282510, 32962.342513337440, 260344.31576225028, 1821, 
164.99999999999918, 37436567.586116277, 10853.028175392830, 32841.668915125301, 260737.71679320509, 1822, 
165.19999999999916, 37436536.739297517, 10617.119565397139, 32716.500714507947, 261129.64042257474, 1823, 
165.39999999999915, 37436506.018979892, 10386.912047820560, 32587.035059528702, 261520.03391275482, 1825, 
165.59999999999914, 37436475.429330103, 10162.260711907660, 32453.463105189712, 261908.84685279979, 1826, 
165.79999999999913, 37436444.974344894, 9943.0244002755098, 32315.970159640532, 262296.03109518823, 1828, 
165.99999999999912, 37432207.165204041, 13898.120905196723, 32213.060249703820, 262681.65364105796, 1833, 
166.19999999999911, 37426457.915927999, 19234.559113028965, 32240.722105603501, 263066.80285337084, 1838, 
166.39999999999910, 37420997.076069988, 24150.887073448412, 32398.965833805854, 263453.07102276344, 1854, 
166.59999999999908, 37420966.601622544, 23586.299274357079, 32605.429763705346, 263841.66933939757, 1856, 
166.79999999999907, 37420935.930790983, 23035.848292915201, 32795.576285021933, 264232.64463108842, 1857, 
166.99999999999906, 37420905.079485521, 22499.169313244493, 32969.946853393420, 264625.80434784229, 1859, 
167.19999999999905, 37420874.063088521, 21975.907025655270, 33129.067557796923, 265020.96232803637, 1860, 
167.39999999999904, 37420842.896466352, 21465.715432584486, 33273.449447364706, 265417.93865370686, 1861, 
167.59999999999903, 37420811.593987025, 20968.257552766714, 33403.589022070053, 265816.55943813961, 1863, 
167.79999999999902, 37420780.169532850, 20483.205212653796, 33519.968582049754, 266216.65667244996, 1864, 
167.99999999999901, 37420748.636514254, 20010.238815870423, 33623.056611995897, 266618.06805787719, 1866, 
168.19999999999899, 37420717.007884786, 19549.047091918972, 33713.308198365703, 267020.63682492380, 1867, 
168.39999999999898, 37420685.296151794, 19099.326921448835, 33791.165323019828, 267424.21160373732, 1869, 
168.59999999999897, 37420653.513391651, 18660.783077945325, 33857.057290747296, 267828.64623965323, 1870, 
168.79999999999896, 37420621.671260983, 18233.128042996399, 33911.401038055294, 268233.79965796351, 1871, 
168.99999999999895, 37420589.781008251, 17816.081812605105, 33954.601456044031, 268639.53572309180, 1872, 
169.19999999999894, 37420557.853486717, 17409.371679051339, 33987.051751937754, 269045.72308228409, 1874, 
169.39999999999893, 37420525.899165541, 17012.732044788492, 34009.133758813863, 269452.23503084632, 1875, 
169.59999999999891, 37420493.928140551, 16625.904242853725, 34021.218234529872, 269858.94938205712, 1876, 
169.79999999999890, 37420461.950144708, 16248.636361803954, 34023.665153063055, 270265.74834041798, 1877, 
169.99999999999889, 37420429.974559695, 15880.683049255780, 34016.824029494586, 270672.51836155140, 1879, 
170.19999999999888, 37420398.010425664, 15521.805348419824, 34001.034191916886, 271079.15003399074, 1880, 
170.39999999999887, 37420366.066451363, 15171.770528062683, 33976.625063403830, 271485.53795716475, 1881, 
170.59999999999886, 37420334.151022911, 14830.351935492163, 33943.916407038814, 271891.58063455537, 1882, 
170.79999999999885, 37420302.272214442, 14497.328815073222, 33903.218625245994, 272297.18034523434, 1883, 
170.99999999999883, 37420270.437796853, 14172.486161322986, 33854.833003769112, 272702.24303804483, 1885, 
171.19999999999882, 37420238.655246899, 13855.614564819381, 33799.051966640982, 273106.67822163622, 1886, 
171.39999999999881, 37420206.931754895, 13546.510082962377, 33736.159291515862, 273510.39887061459, 1887, 
171.59999999999880, 37420175.274234325, 13244.974076261578, 33666.430379077006, 273913.32131032652, 1888, 
171.79999999999879, 37420143.689329691, 12950.813074437670, 33590.132474893639, 274315.36512097740, 1890, 
171.99999999999878, 37420112.183424599, 12663.838638848163, 33507.524896683761, 274716.45303986315, 1891, 
172.19999999999877, 37420080.762648754, 12383.867246508755, 33418.859227288107, 275116.51087743917, 1892, 
172.39999999999876, 37420049.432886362, 12110.720144006022, 33324.379554598105, 275515.46741502645, 1893, 
172.59999999999874, 37420018.199783318, 11844.223225175938, 33224.322673695038, 275913.25431780348, 1895, 
172.79999999999873, 37419987.068754427, 11584.206908065789, 33118.918289729358, 276309.80604777305, 1896, 
172.99999999999872, 37419956.044989586, 11330.506030662058, 33008.389191142131, 276705.05978860141, 1897, 
173.19999999999871, 37419925.133461297, 11082.959721015590, 32892.951462557576, 277098.95535512274, 1898, 
173.39999999999870, 37419894.338931151, 10841.411285401613, 32772.814669064268, 277491.43511437182, 1900, 
173.59999999999869, 37419863.665956274, 10605.708098231431, 32648.182037387378, 277882.44390809705, 1901, 
173.79999999999868, 37419833.118894868, 10375.701507918886, 32519.250611960910, 278271.92898524198, 1902, 
173.99999999999866, 37419802.701912820, 10151.246722004789, 32386.211442903601, 278659.83992225997, 1903, 
174.19999999999865, 37414638.914279900, 15008.698027784774, 32306.055232314022, 279046.33245999337, 1920, 
174.39999999999864, 37408873.510254949, 20333.769263424787, 32360.053920889699, 279432.66656072828, 1925, 
174.59999999999863, 37404597.107189022, 24043.085940009918, 32539.379670184924, 279820.42720077385, 1941, 
174.79999999999862, 37404566.599717431, 23481.281684998845, 32741.523846835189, 280210.59475072497, 1942, 
174.99999999999861, 37404535.900169156, 22933.541263848234, 32927.470407055080, 280603.08815993159, 1943, 
175.19999999999860, 37404505.024331190, 22399.501769548493, 33097.757613265559, 280997.71628598310, 1945, 
175.39999999999858, 37404473.987464875, 21878.809770980370, 33252.908413543897, 281394.29435058654, 1946, 
175.59999999999857, 37404442.804319203, 21371.121094213962, 33393.430808225712, 281792.64377834962, 1947, 
175.79999999999856, 37404411.489147440, 20876.100542850119, 33519.818314386983, 282192.59199531621, 1949, 
175.99999999999855, 37404380.055721328, 20393.421662211062, 33632.550358958542, 282593.97225749819, 1950, 
176.19999999999854, 37404348.517343290, 19922.766538103431, 33732.092615769878, 282996.62350284116, 1951, 
176.39999999999853, 37404316.886860669, 19463.825558021319, 33818.897402654758, 283400.39017866214, 1952, 
176.59999999999852, 37404285.176679514, 19016.297180447240, 33893.404064944982, 283805.12207509764, 1954, 
176.79999999999851, 37404253.398776710, 18579.887733131072, 33956.039311899483, 284210.67417826678, 1955, 
176.99999999999849, 37404221.564711265, 18154.311225509231, 34007.217530134680, 284616.90653309075, 1956, 
177.19999999999848, 37404189.685638145, 17739.289115539203, 34047.341169639760, 285023.68407668063, 1958, 
177.39999999999847, 37404157.772319488, 17334.550120984120, 34076.801057995195, 285430.87650153431, 1959, 
177.59999999999846, 37404125.835134618, 16939.830055431670, 34095.976674736070, 285838.35813521541, 1960, 
177.79999999999845, 37404093.884092607, 16554.871614183696, 34105.236505410961, 286246.00778780441, 1962, 
177.99999999999844, 37404061.928843051, 16179.424192904857, 34104.938342739209, 286653.70862130547, 1963, 
178.19999999999843, 37404029.978685513, 15813.243731803470, 34095.429546695406, 287061.34803599288, 1964, 
178.39999999999841, 37403998.042580076, 15456.092536181000, 34077.047341898098, 287468.81754185428, 1965, 
178.59999999999840, 37403966.129157938, 15107.739097179878, 34050.119114158144, 287876.01263073290, 1967, 
178.79999999999839, 37403934.246730611, 14767.957937442863, 34014.962666953361, 288282.83266499790, 1968, 
178.99999999999838, 37403902.403298475, 14436.529468465929, 33971.886459068402, 288689.18077399803, 1969, 
179.19999999999837, 37403870.606561176, 14113.239811605506, 33921.189899425524, 289094.96372779430, 1971, 
179.39999999999836, 37403838.863926284, 13797.880652810471, 33863.163587951080, 289500.09183295327, 1972, 
179.59999999999835, 37403807.182516791, 13490.249117385214, 33798.089524496798, 289904.47884132829, 1973, 
179.79999999999833, 37403775.569180593, 13190.147606749526, 33726.241377427716, 290308.04183522594, 1975, 
179.99999999999832, 37403744.030498758, 12897.383658411949, 33647.884715041087, 290710.70112778514, 1976, 
